timestamp,temperature,humidity,pressure,weather_condition,location
2020-01-01 00:00:00,22.483570765056164,40.04895493554419,1009.9079092295013,rainy,rural
2020-01-01 01:00:00,19.308678494144075,36.274070420064014,1005.4784359440941,stormy,suburb
2020-01-01 02:00:00,23.23844269050346,68.1858149726182,1016.1917451041918,clear,suburb
2020-01-01 03:00:00,27.61514928204013,72.38854358921407,1026.4045044602315,stormy,rural
2020-01-01 04:00:00,18.829233126383322,31.895168689538522,994.2482753035425,clear,rural
2020-01-01 05:00:00,18.8293152152541,86.17273477462139,1014.1502607914741,clear,city
2020-01-01 06:00:00,27.896064077536955,33.118277019088346,1011.3986720443336,stormy,city
2020-01-01 07:00:00,23.837173645764544,62.47778011806423,1019.7134007645046,stormy,city
2020-01-01 08:00:00,17.65262807032524,72.54363116705498,1015.1319662823769,clear,rural
2020-01-01 09:00:00,22.712800217929825,82.25814742476513,1005.4803066826119,cloudy,rural
2020-01-01 10:00:00,17.682911535937688,72.84521592794567,1009.8094606433339,cloudy,rural
2020-01-01 11:00:00,17.671351232148716,78.10368498418751,1005.0397414319651,stormy,city
2020-01-01 12:00:00,21.20981135783017,50.367011552568364,1023.760071385986,rainy,suburb
2020-01-01 13:00:00,10.43359877671101,78.88950682479074,1013.2131164867194,cloudy,rural
2020-01-01 14:00:00,11.375410837434837,34.806890783080505,1032.01190685753,stormy,suburb
2020-01-01 15:00:00,17.188562353795135,83.68899936363167,1012.3933918618538,cloudy,suburb
2020-01-01 16:00:00,14.93584439832788,62.85554256922418,1005.9159323308953,rainy,suburb
2020-01-01 17:00:00,21.571236662976368,79.03786619774962,997.8628560738717,stormy,city
2020-01-01 18:00:00,15.459879622393945,57.13909707109801,994.9686032374406,rainy,suburb
2020-01-01 19:00:00,12.938481493323543,68.6146617117915,997.1586405699451,stormy,rural
2020-01-01 20:00:00,27.32824384460777,61.58415965616679,1015.6712665101148,rainy,city
2020-01-01 21:00:00,18.871118497567323,73.89537130531991,1018.0872502322993,cloudy,rural
2020-01-01 22:00:00,20.33764102343962,34.897798921835374,997.1880929796787,cloudy,rural
2020-01-01 23:00:00,12.876259068932717,33.62112503943383,1021.9503831407611,rainy,city
2020-01-02 00:00:00,17.278086377374088,44.82619404060878,1008.1693894831656,rainy,rural
2020-01-02 01:00:00,20.55461294854933,39.5726808067913,1014.4679301198555,rainy,rural
2020-01-02 02:00:00,14.245032112888486,82.3070139955321,1029.1222062825543,stormy,city
2020-01-02 03:00:00,21.87849009172836,43.15283924148266,1021.9683931586553,cloudy,rural
2020-01-02 04:00:00,16.996806550405974,88.55191534914788,1010.3146935209417,stormy,suburb
2020-01-02 05:00:00,18.541531251033618,50.213747506266415,1004.0880777458472,cloudy,rural
2020-01-02 06:00:00,16.991466938853016,40.927074941321955,991.481845986707,clear,suburb
2020-01-02 07:00:00,29.261390922544688,77.38191042854875,1005.8084668075758,stormy,rural
2020-01-02 08:00:00,19.93251387631033,69.52246653005257,1010.888697611723,cloudy,city
2020-01-02 09:00:00,14.711445355220498,59.89174298718834,1003.1282047284882,cloudy,city
2020-01-02 10:00:00,24.112724560515943,63.321813056257874,1011.687430329077,stormy,rural
2020-01-02 11:00:00,13.895781750144888,73.15210669633584,1013.7685188295877,stormy,city
2020-01-02 12:00:00,21.044317975023777,43.70728447987793,1010.7514401819192,cloudy,rural
2020-01-02 13:00:00,10.201649380601122,89.78003496340452,1006.4999741917654,stormy,city
2020-01-02 14:00:00,13.359069755507846,88.487589728807,1014.6865467196673,rainy,suburb
2020-01-02 15:00:00,20.984306179345616,69.01954118081622,1017.4194064956941,stormy,rural
2020-01-02 16:00:00,23.692332899977053,41.972547055748706,1002.0960092255715,stormy,suburb
2020-01-02 17:00:00,20.85684140594985,70.81369454587748,1027.1093237974626,stormy,suburb
2020-01-02 18:00:00,19.421758588058797,34.33190453875055,1012.0141186771574,cloudy,rural
2020-01-02 19:00:00,18.494481522053555,31.839150132348365,1013.1884962294484,rainy,suburb
2020-01-02 20:00:00,12.607390048162863,45.46097331067282,1020.0821442325656,clear,rural
2020-01-02 21:00:00,16.400778958026457,57.75737740435898,1015.332161312635,clear,suburb
2020-01-02 22:00:00,17.696806145201062,82.09635032450282,1022.5313663391324,rainy,rural
2020-01-02 23:00:00,25.285611131094576,73.63014418597848,1015.8712416520183,rainy,rural
2020-01-03 00:00:00,21.71809144784231,74.56239127199886,1006.8756262535957,rainy,city
2020-01-03 01:00:00,11.18479922318633,55.52960006688452,1016.615035252061,cloudy,rural
2020-01-03 02:00:00,21.620419846973974,50.75609955281777,1001.5627379267934,clear,rural
2020-01-03 03:00:00,18.074588597918417,52.262325779076164,1014.0855970577652,rainy,suburb
2020-01-03 04:00:00,16.615389998470206,89.25897382416346,1012.6677000935554,cloudy,rural
2020-01-03 05:00:00,23.05838144420434,32.406551484748945,1010.9188314272747,clear,city
2020-01-03 06:00:00,25.154997612479754,82.02188976734692,1011.7146248856106,stormy,suburb
2020-01-03 07:00:00,24.656400595580994,64.7205245143436,994.1815095450236,cloudy,suburb
2020-01-03 08:00:00,15.803912383886807,56.31692515137543,1007.5127509225904,clear,city
2020-01-03 09:00:00,18.453938120743928,73.51545962490819,1013.9284490114112,cloudy,suburb
2020-01-03 10:00:00,21.65631715701782,59.200136485482176,1014.598563919974,clear,suburb
2020-01-03 11:00:00,24.877725635611796,82.40539428489964,1002.7232485907405,clear,suburb
2020-01-03 12:00:00,17.60412881077355,84.04211184067552,1025.657078408647,stormy,suburb
2020-01-03 13:00:00,19.071705116680914,55.30325561240733,1004.338251517855,cloudy,city
2020-01-03 14:00:00,14.468325129969859,46.60966783410309,1022.6945720052673,rainy,city
2020-01-03 15:00:00,14.018966879596647,65.54101971560173,1017.2719436187168,stormy,suburb
2020-01-03 16:00:00,24.062629111970992,84.74180073700145,1006.537726901562,stormy,suburb
2020-01-03 17:00:00,26.781200142854114,42.63973134033999,1030.7531089260951,clear,city
2020-01-03 18:00:00,19.63994939209833,67.37799501380897,1001.0636316824352,rainy,city
2020-01-03 19:00:00,25.01766448946012,67.89361320555123,1022.1915417361,cloudy,city
2020-01-03 20:00:00,21.80818012523817,73.98678134491686,1023.0058231804297,rainy,suburb
2020-01-03 21:00:00,16.77440122697438,37.894061107635586,1006.2937979092336,rainy,suburb
2020-01-03 22:00:00,21.80697802754207,72.94949788092532,1026.9246530006433,rainy,rural
2020-01-03 23:00:00,27.690182832329846,84.54195123993847,1010.4995348540104,rainy,city
2020-01-04 00:00:00,19.820869804450243,40.78098653221452,1015.8869362927986,rainy,suburb
2020-01-04 01:00:00,27.82321827907003,44.25259949543266,1015.6032183877122,clear,city
2020-01-04 02:00:00,6.901274479551278,88.28370564249838,1011.6569125852945,clear,suburb
2020-01-04 03:00:00,24.10951252187612,40.85861716256939,1021.1080827315978,stormy,city
2020-01-04 04:00:00,20.435235341190857,81.26310560217475,1020.9348872055222,clear,suburb
2020-01-04 05:00:00,18.504963247670663,59.53667138688209,995.5146802676182,stormy,rural
2020-01-04 06:00:00,20.45880388267751,44.833864464190626,1026.0434024287815,stormy,rural
2020-01-04 07:00:00,10.062155426995536,82.24499407635068,996.3750801196433,cloudy,city
2020-01-04 08:00:00,18.90164056081244,56.71831530015993,1023.3254620434166,rainy,suburb
2020-01-04 09:00:00,21.78556285755873,60.88904123578141,1024.2670513682758,clear,suburb
2020-01-04 10:00:00,27.38947022370758,51.55400216398594,1002.090335697848,cloudy,city
2020-01-04 11:00:00,17.40864890863176,65.57705108609565,1008.8918571204541,clear,suburb
2020-01-04 12:00:00,15.957531985534061,39.81143235510137,1001.9429533151406,stormy,city
2020-01-04 13:00:00,17.491214782077318,53.46489219910564,1010.8507896971126,clear,suburb
2020-01-04 14:00:00,24.57701058851037,88.16473934011725,1009.9196571581426,rainy,city
2020-01-04 15:00:00,21.643755548298422,45.48800596206765,1020.7966053226934,stormy,suburb
2020-01-04 16:00:00,17.351198981164806,69.40419987247753,1026.103087461196,stormy,city
2020-01-04 17:00:00,22.56633716556678,49.511403853481696,1026.9568381078996,cloudy,suburb
2020-01-04 18:00:00,20.4853877467402,76.40838754119605,1007.378319734217,rainy,rural
2020-01-04 19:00:00,24.843224952664446,37.85241964310099,1010.9077812625547,stormy,suburb
2020-01-04 20:00:00,16.489734530613237,88.18926270471269,996.1656180777904,rainy,city
2020-01-04 21:00:00,18.361689267011158,57.22737248301836,1004.9412993350381,clear,rural
2020-01-04 22:00:00,18.039459234339212,44.16302780078784,1022.6485163309745,rainy,suburb
2020-01-04 23:00:00,12.682425259339407,34.409804839800756,1029.1558282354822,stormy,rural
2020-01-05 00:00:00,21.48060138532288,40.18547430525244,1000.6565112812008,cloudy,suburb
2020-01-05 01:00:00,21.305276360899448,61.186436913361064,1007.0753574084711,stormy,rural
2020-01-05 02:00:00,20.025567283212304,50.22019058587718,1012.7359424304108,rainy,city
2020-01-05 03:00:00,18.827064333124266,79.73300195295657,1015.8016115881961,rainy,suburb
2020-01-05 04:00:00,12.92314628974793,55.85325141970836,1004.9039648007836,stormy,suburb
2020-01-05 05:00:00,17.896773386173205,44.92285635525779,1017.2406104446409,rainy,city
2020-01-05 06:00:00,18.286427417366152,67.0286991962418,1008.2616065292908,clear,rural
2020-01-05 07:00:00,15.988613653891905,72.40663301312675,1012.8554772912172,stormy,city
2020-01-05 08:00:00,19.193571441669953,40.02251447405699,1018.462842480037,cloudy,city
2020-01-05 09:00:00,22.020254284072692,40.05715297729906,1013.0642226981093,stormy,rural
2020-01-05 10:00:00,29.43092950605265,32.20028561601258,1008.6361410947343,clear,city
2020-01-05 11:00:00,20.872889064159196,74.18412090393844,1011.9039019607417,clear,suburb
2020-01-05 12:00:00,21.28775195361382,69.8282716573083,1012.1163704079466,clear,suburb
2020-01-05 13:00:00,19.627770421169163,58.477852544988835,1009.2998897011787,clear,suburb
2020-01-05 14:00:00,10.406143923504793,80.65022693815183,1010.412039373329,clear,city
2020-01-05 15:00:00,19.867430622753915,78.34020917700319,1028.9864717050473,cloudy,suburb
2020-01-05 16:00:00,20.301151049705133,65.12126186380513,1018.6091944794124,rainy,suburb
2020-01-05 17:00:00,32.316210562426434,82.09627683079552,1010.0451968197084,clear,suburb
2020-01-05 18:00:00,19.038195176094387,42.350472602206096,1019.9695440451073,clear,suburb
2020-01-05 19:00:00,21.507736711668063,36.71517716386367,1009.6618051024399,stormy,suburb
2020-01-05 20:00:00,19.826441151473784,46.18497669101937,1024.7312463758665,cloudy,suburb
2020-01-05 21:00:00,14.156609811902339,33.42521136535889,1016.6964219219809,cloudy,city
2020-01-05 22:00:00,25.714114072575104,61.87017168006192,1011.9269785599577,rainy,suburb
2020-01-05 23:00:00,23.759665163433873,86.19634153769769,1017.4771692581028,cloudy,suburb
2020-01-06 00:00:00,23.955159735215233,32.36061244011058,997.291238479315,stormy,rural
2020-01-06 01:00:00,15.453062726026305,37.32659484060161,1001.732325310902,stormy,city
2020-01-06 02:00:00,27.013971554680495,57.13194169700611,1001.0607499360094,rainy,city
2020-01-06 03:00:00,12.990744686038596,86.0325010516743,1014.4294309476371,stormy,city
2020-01-06 04:00:00,22.934285469001352,48.96936629860503,1030.325149994851,clear,city
2020-01-06 05:00:00,30.952278129049894,60.43408852130355,1035.3130014619264,clear,suburb
2020-01-06 06:00:00,15.047318374346558,32.494371543023526,1019.3805110144076,stormy,suburb
2020-01-06 07:00:00,17.16851135198614,38.90059205772533,1018.0084447494446,rainy,rural
2020-01-06 08:00:00,20.498256825438204,89.19780737753081,994.9894226584726,cloudy,rural
2020-01-06 09:00:00,17.482621729419005,87.90712178616273,1007.5732620026598,rainy,city
2020-01-06 10:00:00,12.246682844669337,30.296398856064577,1005.1221624809176,cloudy,rural
2020-01-06 11:00:00,20.342814874030136,87.10870712539435,1006.7915240174889,stormy,rural
2020-01-06 12:00:00,14.688481431369475,68.34719626893002,1011.3185618141521,stormy,city
2020-01-06 13:00:00,22.36796215317591,82.07509767120132,1008.2790942230288,clear,city
2020-01-06 14:00:00,15.402878828830985,57.28439133803155,993.2070018962421,cloudy,rural
2020-01-06 15:00:00,27.749672025087698,60.93576171475502,1020.4791025611753,rainy,suburb
2020-01-06 16:00:00,16.083733538318814,59.33079481541521,1002.272569742602,stormy,rural
2020-01-06 17:00:00,18.38969241897162,70.01185545276627,1015.3924686411115,rainy,rural
2020-01-06 18:00:00,24.067586086848348,38.379075285378775,1033.7408266974996,clear,suburb
2020-01-06 19:00:00,13.845678417830225,31.798415392360678,1003.8061540841358,cloudy,suburb
2020-01-06 20:00:00,21.137299673020646,48.47579649547146,987.6971247725367,cloudy,city
2020-01-06 21:00:00,26.53571377141214,72.2808457641988,1010.1399577811989,stormy,city
2020-01-06 22:00:00,11.962583827193862,42.1112071273769,1024.0095963499857,cloudy,rural
2020-01-06 23:00:00,20.92316929266152,70.40594599949503,1032.583474542206,stormy,suburb
2020-01-07 00:00:00,21.299413971242117,88.19472276643623,1000.7045040554758,clear,city
2020-01-07 01:00:00,23.90911435888655,35.6340429473651,1017.9669922323652,cloudy,rural
2020-01-07 02:00:00,13.81524644560959,70.35612709350758,1008.3468954321995,stormy,suburb
2020-01-07 03:00:00,13.397716934578618,56.62501315827427,1011.9405164569587,rainy,rural
2020-01-07 04:00:00,22.60970782808449,82.08853526265032,1039.4434334701702,stormy,city
2020-01-07 05:00:00,21.48492336616593,40.628987366843155,997.9702967160484,cloudy,city
2020-01-07 06:00:00,21.252464251729382,71.55755713356987,1015.5373966149457,clear,suburb
2020-01-07 07:00:00,21.732241047484877,80.28691737888661,1017.6769317176544,cloudy,rural
2020-01-07 08:00:00,16.599876392107547,86.6768531684414,1023.8578632493935,cloudy,suburb
2020-01-07 09:00:00,21.161268485805017,70.99488169737876,1013.979831534709,stormy,city
2020-01-07 10:00:00,21.465362366493405,59.83048584050564,1016.080505395041,rainy,city
2020-01-07 11:00:00,16.42824290986816,67.07083441207283,1009.0835143257821,cloudy,rural
2020-01-07 12:00:00,29.328872555723784,82.1342990687231,1015.6912694124511,rainy,rural
2020-01-07 13:00:00,22.36916460455894,64.23658479832977,1009.5680772450258,stormy,rural
2020-01-07 14:00:00,14.043482513986756,31.82322358181021,1019.2157188985605,rainy,suburb
2020-01-07 15:00:00,23.28276804316915,85.85692173041866,1009.3038966395636,stormy,rural
2020-01-07 16:00:00,15.126591648863393,71.37160506189366,1016.7710039390219,clear,rural
2020-01-07 17:00:00,23.93542301871226,70.59080314663478,1012.7073718631502,rainy,city
2020-01-07 18:00:00,25.79297789503702,42.94050914386303,1024.2605025077216,rainy,city
2020-01-07 19:00:00,15.896588408241447,69.53312821395943,1012.4860627641151,clear,rural
2020-01-07 20:00:00,24.81688064622161,53.63186433924951,995.2696753179312,rainy,rural
2020-01-07 21:00:00,22.06390463468249,69.07397862248953,1025.61921500714,clear,city
2020-01-07 22:00:00,24.11030079997245,36.39558181847944,1003.9426769913738,cloudy,rural
2020-01-07 23:00:00,29.483964913269737,69.47071827618217,1006.4623366135118,stormy,suburb
2020-01-08 00:00:00,18.773059419985646,89.96482354623998,1007.0433870595651,clear,suburb
2020-01-08 01:00:00,16.23131917821255,32.892722331633365,1026.744380931708,rainy,suburb
2020-01-08 02:00:00,15.552427851872384,88.63045105327905,991.643257860213,clear,rural
2020-01-08 03:00:00,15.920948575172808,54.41447764337224,1044.3774853365999,rainy,city
2020-01-08 04:00:00,19.614491452929478,82.24520702023554,1023.5605680906605,cloudy,rural
2020-01-08 05:00:00,21.70575987408322,76.94312904349641,1015.2323891412916,clear,rural
2020-01-08 06:00:00,21.383453996650097,64.02097565920008,1012.4510599938371,cloudy,city
2020-01-08 07:00:00,24.13591624518012,74.30695255507959,1015.8555407485766,stormy,city
2020-01-08 08:00:00,20.065009459389536,82.71093367808086,1018.2112242837934,rainy,city
2020-01-08 09:00:00,27.267670385786584,54.24841929906198,1019.4521558595005,rainy,suburb
2020-01-08 10:00:00,18.67671583381022,49.62198969379432,1018.5560446600344,cloudy,rural
2020-01-08 11:00:00,33.600845832948096,70.05560313381508,1013.8958068125525,stormy,city
2020-01-08 12:00:00,23.12833673882503,78.47075651647552,1011.0266157969268,clear,rural
2020-01-08 13:00:00,15.714212217918586,75.73710808659695,1011.4872671634649,clear,suburb
2020-01-08 14:00:00,14.645537509694439,77.86881893151806,1011.0509171964732,rainy,suburb
2020-01-08 15:00:00,22.412362076215928,56.13499888877598,1024.3377009686706,cloudy,city
2020-01-08 16:00:00,18.882686073370746,79.0700529705013,1018.9355672228086,cloudy,city
2020-01-08 17:00:00,23.57000247046046,37.212543322236506,983.5961136533572,clear,rural
2020-01-08 18:00:00,22.366188122867726,62.669345877650976,1019.5590077652976,stormy,city
2020-01-08 19:00:00,19.635855436715637,30.345519629887296,1014.9473619471878,stormy,rural
2020-01-08 20:00:00,15.766031409657975,49.47514979401622,1012.8129124355411,clear,city
2020-01-08 21:00:00,12.425763876570677,51.98769209228387,1009.1148154691111,clear,rural
2020-01-08 22:00:00,17.767425239664895,53.770361496555324,1024.24112719986,cloudy,rural
2020-01-08 23:00:00,24.28199397161736,71.72803240139173,1022.4752646212286,stormy,rural
2020-01-09 00:00:00,21.07046872065102,53.31348607622074,1005.271223321764,clear,rural
2020-01-09 01:00:00,13.77130610644006,56.921617357351835,1017.0705228712453,clear,suburb
2020-01-09 02:00:00,20.86590462925591,44.252647852459646,1003.2834326545872,rainy,rural
2020-01-09 03:00:00,21.926586898644185,52.39510749776041,999.2038183521107,clear,city
2020-01-09 04:00:00,15.580712818994336,43.63617763578909,1006.7328277541003,clear,suburb
2020-01-09 05:00:00,20.76862552972764,34.39175542610662,1021.6239347238276,stormy,suburb
2020-01-09 06:00:00,20.29104359223,66.20691560288267,1022.5312504537609,cloudy,rural
2020-01-09 07:00:00,14.285148510846884,70.09276791330097,1018.130854200973,stormy,suburb
2020-01-09 08:00:00,21.788936801741418,67.16942076057687,1020.25095786848,cloudy,rural
2020-01-09 09:00:00,22.80392263184117,57.80964262803434,1018.1617828711496,rainy,city
2020-01-09 10:00:00,25.415256215876383,52.78714681075379,1006.5851840477704,clear,rural
2020-01-09 11:00:00,25.269010260174515,81.80001897430952,1017.3192254467394,rainy,suburb
2020-01-09 12:00:00,13.111653160214544,61.144907108173086,1021.0040952522768,cloudy,city
2020-01-09 13:00:00,15.310874800424386,58.75091265778386,1020.5429132981358,stormy,rural
2020-01-09 14:00:00,22.5751763360433,31.538523948386143,1024.8891337147463,stormy,city
2020-01-09 15:00:00,22.568929754561044,50.474869657569386,1020.0830384720107,rainy,city
2020-01-09 16:00:00,22.575238431530238,52.811737127151424,1016.5144820754158,cloudy,suburb
2020-01-09 17:00:00,39.26365745327361,53.92936685381403,1023.7015023831643,rainy,city
2020-01-09 18:00:00,22.854452553465833,64.81034215363994,1012.7347874075094,rainy,suburb
2020-01-09 19:00:00,25.677828200902994,62.016152803612705,1004.1812534877229,clear,city
2020-01-09 20:00:00,24.770008817466014,66.47430556760668,1011.3693303605623,rainy,rural
2020-01-09 21:00:00,23.25695625652899,75.8929956925277,1005.5509735519355,clear,city
2020-01-09 22:00:00,18.42365377679827,78.7791443229656,1006.2482172502562,clear,rural
2020-01-09 23:00:00,23.794846102466337,73.08738457358967,1011.5548132928449,stormy,rural
2020-01-10 00:00:00,16.13587392731214,87.33142175729608,1005.0758007900004,clear,city
2020-01-10 01:00:00,18.815906966299956,31.093954960581698,1009.9203847036096,clear,rural
2020-01-10 02:00:00,17.573182260854484,41.74667914101276,994.0638533304622,stormy,city
2020-01-10 03:00:00,20.409370696931614,30.453772498688526,1015.1329370737294,rainy,city
2020-01-10 04:00:00,31.573292833367542,68.84848284927618,1013.0120547536222,cloudy,rural
2020-01-10 05:00:00,10.66367403704126,83.88183293699922,1004.8291136893181,cloudy,rural
2020-01-10 06:00:00,23.43130095187257,44.608937794577955,1019.592456684324,cloudy,suburb
2020-01-10 07:00:00,11.936420644051742,85.6220726877784,1022.3757013762656,rainy,rural
2020-01-10 08:00:00,17.640340671052833,33.61604341737365,996.9244013563102,clear,suburb
2020-01-10 09:00:00,25.444752984836832,86.06616160833086,1005.3727522143379,cloudy,rural
2020-01-10 10:00:00,20.321400095477316,51.09736123437806,1005.308576502127,rainy,city
2020-01-10 11:00:00,14.611276110353469,36.08524970695299,1003.6009689889114,clear,rural
2020-01-10 12:00:00,16.42348145370016,59.15230555117954,1021.2947484193174,stormy,city
2020-01-10 13:00:00,23.39798874467338,45.40659406323048,1011.0617386122719,cloudy,city
2020-01-10 14:00:00,16.34816684141432,47.092374117715366,1010.3548515868939,clear,city
2020-01-10 15:00:00,21.082292947909874,48.43739789557719,992.9613763559324,cloudy,suburb
2020-01-10 16:00:00,20.22785919951907,78.1815538699598,1019.3541803020922,cloudy,rural
2020-01-10 17:00:00,16.741998261970913,62.34967660051527,1000.6074160514653,cloudy,city
2020-01-10 18:00:00,30.719720446626628,48.67846194936022,1013.5993263026633,clear,city
2020-01-10 19:00:00,23.169595111590056,66.6200269986551,1015.773769379582,rainy,suburb
2020-01-10 20:00:00,9.874287066711965,72.96904045339161,1026.6065859583864,clear,rural
2020-01-10 21:00:00,20.93227157384714,46.35744004401202,999.9117960088089,cloudy,rural
2020-01-10 22:00:00,16.69106767615806,54.81294609152109,982.8048784417917,clear,suburb
2020-01-10 23:00:00,24.26216667398112,37.313165600216855,1014.838495447537,stormy,suburb
2020-01-11 00:00:00,16.037396307836495,40.86896097208082,1031.0051118151086,rainy,rural
2020-01-11 01:00:00,19.426317792665504,70.86707123789897,1025.3894635293943,clear,suburb
2020-01-11 02:00:00,22.524936394902287,40.88630086173762,1015.0965941527462,stormy,rural
2020-01-11 03:00:00,24.328775970850607,61.50980302002361,1008.0836381436795,rainy,rural
2020-01-11 04:00:00,13.998517964721119,72.54277570334597,1021.071225966373,stormy,city
2020-01-11 05:00:00,18.327493820795258,36.41261538568463,1003.2645380029553,rainy,city
2020-01-11 06:00:00,17.62527344419522,64.03873317773422,1017.7635776935622,clear,rural
2020-01-11 07:00:00,16.73335383713144,45.393767022081825,1018.0547015916662,stormy,rural
2020-01-11 08:00:00,28.827271201405484,87.77561251425479,1023.6020990749888,cloudy,rural
2020-01-11 09:00:00,22.024908554804778,59.01273880319548,1040.5966003891108,stormy,rural
2020-01-11 10:00:00,13.695580228324774,78.35955298650948,1016.9241596717877,rainy,rural
2020-01-11 11:00:00,24.58930973527388,63.01359252937571,1007.910363742925,clear,rural
2020-01-11 12:00:00,30.610780985063165,32.60475197128915,1012.74425687808,rainy,suburb
2020-01-11 13:00:00,25.162326302755734,67.98908253564134,995.3092409511088,stormy,rural
2020-01-11 14:00:00,12.403150170229933,87.08420053239942,1006.0528686891095,stormy,suburb
2020-01-11 15:00:00,17.578829635668743,66.09670920877987,1008.9071756188689,cloudy,suburb
2020-01-11 16:00:00,26.334555745933113,79.15133156560742,1007.7591160206541,clear,rural
2020-01-11 17:00:00,16.461652671906094,83.05238780090447,1014.5235487203372,clear,rural
2020-01-11 18:00:00,22.219097140731144,43.68478631693595,1004.775800676178,stormy,suburb
2020-01-11 19:00:00,23.873170267146683,42.7226903944936,1024.2103066732448,clear,suburb
2020-01-11 20:00:00,15.365347642109585,66.6588593310595,1013.002070649182,cloudy,rural
2020-01-11 21:00:00,19.702373219691,54.66170818840229,1012.9069967886138,rainy,rural
2020-01-11 22:00:00,3.793663299654636,80.39167817200322,1009.7210528348709,clear,suburb
2020-01-11 23:00:00,14.878061793328552,84.00138740388067,1014.5519068385898,stormy,suburb
2020-01-12 00:00:00,18.7371592430342,51.20528275816309,1021.2509826466763,rainy,suburb
2020-01-12 01:00:00,13.761084090175753,44.21223353846892,1004.328697842891,rainy,city
2020-01-12 02:00:00,28.162056519658176,76.83153091463171,1006.4188351092474,cloudy,suburb
2020-01-12 03:00:00,12.849293110196836,46.48836213288817,1009.9627397122333,stormy,city
2020-01-12 04:00:00,17.799777566515083,79.3568591108207,999.5412907652678,clear,rural
2020-01-12 05:00:00,20.653702886430455,55.42429521892577,1004.807421402785,stormy,rural
2020-01-12 06:00:00,27.206366445330577,70.05299395748823,1008.2377912645534,rainy,suburb
2020-01-12 07:00:00,12.820689244102804,35.73211883008009,1021.7438918071273,stormy,rural
2020-01-12 08:00:00,25.815818760774796,67.43155948059439,1015.6256132900193,clear,rural
2020-01-12 09:00:00,20.051165305097935,57.10606072423374,1014.9358991136754,clear,rural
2020-01-12 10:00:00,15.092456744760245,65.19650779052844,1021.5089796216797,cloudy,rural
2020-01-12 11:00:00,22.310517371316354,40.0808524646918,1011.626282116006,clear,city
2020-01-12 12:00:00,20.99529847786735,74.21242469665093,1016.9046484992889,clear,city
2020-01-12 13:00:00,16.998915614206027,81.7678246525937,1011.967782470675,stormy,suburb
2020-01-12 14:00:00,20.349010424950094,43.00438800544654,1015.6536234939963,stormy,suburb
2020-01-12 15:00:00,18.0734320156912,35.7428733312097,1007.1724134238842,rainy,suburb
2020-01-12 16:00:00,20.56758672625624,31.418315162780182,988.6118284172358,cloudy,rural
2020-01-12 17:00:00,23.310653372605234,68.51829002659596,1011.6572083781369,stormy,rural
2020-01-12 18:00:00,27.93008408072676,66.42564216532685,1027.2274813609995,clear,city
2020-01-12 19:00:00,13.810922505865754,62.8018447628442,1022.2621540224159,rainy,city
2020-01-12 20:00:00,30.665166873281333,43.916825766958524,1022.6539748459118,stormy,suburb
2020-01-12 21:00:00,10.239561002387491,53.45435975433088,1025.3613072180622,cloudy,city
2020-01-12 22:00:00,19.241074524822082,65.66858011117039,1013.8865759096144,cloudy,city
2020-01-12 23:00:00,22.941586032422883,59.80601153155016,1014.973157074056,rainy,city
2020-01-13 00:00:00,21.404959338675162,89.26713121289325,1006.8234810456565,rainy,city
2020-01-13 01:00:00,16.88650240089703,38.18638515340399,1009.8392714397295,rainy,city
2020-01-13 02:00:00,18.959388748213623,71.70867324285562,1019.1577114977114,rainy,suburb
2020-01-13 03:00:00,17.534995326705836,54.259126086257524,1025.0388443716881,rainy,suburb
2020-01-13 04:00:00,17.053176215278942,55.69197689553688,1011.60553724319,clear,city
2020-01-13 05:00:00,24.248010485105123,73.05586593949057,1008.4981073514858,clear,suburb
2020-01-13 06:00:00,21.785077429825236,71.54616907946217,1013.0052795885659,stormy,rural
2020-01-13 07:00:00,16.535452023696728,89.4753596221313,1019.0120674892911,cloudy,city
2020-01-13 08:00:00,24.497999377166252,37.703657367247516,998.5614518386645,clear,rural
2020-01-13 09:00:00,21.536497604383047,36.246578963049984,990.0381904686276,clear,suburb
2020-01-13 10:00:00,24.0643105941948,73.46032902772447,1007.4946315050842,clear,suburb
2020-01-13 11:00:00,23.14814420961806,64.70321502038455,1000.7928757408584,stormy,rural
2020-01-13 12:00:00,15.855024945389639,46.44963999358835,1007.9185980235269,rainy,suburb
2020-01-13 13:00:00,17.199094799015153,34.765162139339196,1011.5221968118253,stormy,city
2020-01-13 14:00:00,23.736468025616308,35.13949497578583,1008.4675159097699,cloudy,rural
2020-01-13 15:00:00,23.051851327167324,83.6514524798471,1027.5246753447075,cloudy,city
2020-01-13 16:00:00,19.89549203017926,41.512039483124575,1016.2674476460232,cloudy,rural
2020-01-13 17:00:00,20.58663691654391,49.40229372693125,1016.0047435961083,cloudy,suburb
2020-01-13 18:00:00,26.388324478942124,43.59938413361928,1019.222071440434,clear,rural
2020-01-13 19:00:00,17.04214305582085,51.29977834991624,1001.6116688221923,clear,rural
2020-01-13 20:00:00,22.735486905850188,34.1654305647656,1023.3911178742027,stormy,city
2020-01-13 21:00:00,18.98903673783053,61.14358745449622,1012.2423571346454,rainy,suburb
2020-01-13 22:00:00,18.9115939838639,34.05675381553289,1019.7048061724121,cloudy,city
2020-01-13 23:00:00,25.49388425993595,78.0213904693417,1002.2814276695984,stormy,suburb
2020-01-14 00:00:00,24.12708174494015,44.02272491462598,997.4624123398394,clear,city
2020-01-14 01:00:00,24.067548180003193,62.400714876270634,1021.1788965802502,clear,rural
2020-01-14 02:00:00,26.527394035771646,82.80474525368749,1016.7640952609752,rainy,city
2020-01-14 03:00:00,20.105019208163796,69.05264214283164,1003.9794844564249,rainy,suburb
2020-01-14 04:00:00,23.40976485647482,61.977467193080116,1004.3033691872531,rainy,suburb
2020-01-14 05:00:00,18.44866621703272,49.460025186922536,1024.2543478441478,stormy,rural
2020-01-14 06:00:00,21.62083176244221,49.98011478349187,1001.1058810713267,clear,suburb
2020-01-14 07:00:00,19.349284728161578,70.1692173118914,1029.4267295325596,clear,city
2020-01-14 08:00:00,20.48497982496359,89.64836167327005,1003.9937926535213,rainy,rural
2020-01-14 09:00:00,22.97578512718457,69.71035139096271,1019.3839192560838,cloudy,suburb
2020-01-14 10:00:00,15.908896583832638,63.46700504220149,1009.7138152425101,rainy,suburb
2020-01-14 11:00:00,30.461936378427303,73.83903061435477,1019.0318743108235,stormy,city
2020-01-14 12:00:00,14.96991309250149,57.91233673702309,1007.5588599788581,rainy,city
2020-01-14 13:00:00,13.92905693606134,33.60854055604711,1011.372070939277,rainy,rural
2020-01-14 14:00:00,25.790554367500338,63.73780895267459,1013.4091917539572,stormy,suburb
2020-01-14 15:00:00,23.95831346981468,87.45751707032281,1002.9781254421853,rainy,city
2020-01-14 16:00:00,23.120599085260775,40.51817654145958,1020.4082434542013,clear,rural
2020-01-14 17:00:00,23.1417275463214,71.40029344923994,1007.8678643352841,cloudy,suburb
2020-01-14 18:00:00,19.938766135765427,42.05602131954339,1010.7140008465998,rainy,suburb
2020-01-14 19:00:00,15.513728142570843,62.14966106838487,1003.0565062539149,stormy,rural
2020-01-14 20:00:00,20.37902279096863,35.800586978803175,987.3766634120469,cloudy,rural
2020-01-14 21:00:00,16.61419144243944,57.02225617549111,1011.0897223739983,stormy,city
2020-01-14 22:00:00,24.875598667088756,75.36979973371476,1037.1261542161292,cloudy,suburb
2020-01-14 23:00:00,19.264713092489306,50.85429145433892,1020.8460428789803,cloudy,suburb
2020-01-15 00:00:00,15.872514016037442,69.89470346923308,1012.807396202656,rainy,suburb
2020-01-15 01:00:00,18.393070791735035,77.72699764738375,1010.3710917079173,clear,rural
2020-01-15 02:00:00,22.06465727137812,85.63066916876716,1013.2246589281204,rainy,city
2020-01-15 03:00:00,17.181377235980126,44.078524911327214,1018.4711911517521,stormy,suburb
2020-01-15 04:00:00,15.888898022167844,53.958954948558485,1001.1918718469116,stormy,rural
2020-01-15 05:00:00,21.218436057459563,39.14496079982504,1024.1432169466887,cloudy,suburb
2020-01-15 06:00:00,21.224832855543614,89.5490101295025,1020.1538131544124,cloudy,city
2020-01-15 07:00:00,17.46528412314435,85.62005807545772,1020.1818572570794,clear,suburb
2020-01-15 08:00:00,17.644808471908387,62.39742781683358,1017.3847573880972,rainy,city
2020-01-15 09:00:00,21.16024968678818,80.52199766258528,1013.1961665769398,stormy,city
2020-01-15 10:00:00,12.759578292513378,61.25747863632253,1019.7286123596682,cloudy,suburb
2020-01-15 11:00:00,12.962681128117223,67.41514128016559,1018.9181413374138,clear,suburb
2020-01-15 12:00:00,16.40777889373782,35.34746592696099,1009.4595928905898,stormy,city
2020-01-15 13:00:00,18.932764241440765,75.31622522980848,1007.263982271031,cloudy,rural
2020-01-15 14:00:00,21.554537827990025,37.66280901811409,1014.0185629526198,stormy,city
2020-01-15 15:00:00,27.376781084747762,79.5640578151517,1028.4902015149519,clear,suburb
2020-01-15 16:00:00,24.288298116010097,76.92168526022316,1000.608929243461,clear,suburb
2020-01-15 17:00:00,19.200307350182864,72.52468186457858,998.3247473424756,stormy,rural
2020-01-15 18:00:00,19.904918960486555,32.169622831485725,1014.6476084123651,rainy,city
2020-01-15 19:00:00,14.987353176810956,48.187701356719714,1013.5088770185602,stormy,city
2020-01-15 20:00:00,19.90743432003805,45.78675419465057,1014.7334166437041,cloudy,city
2020-01-15 21:00:00,18.55670680539931,51.60818444829114,1015.439531979085,rainy,suburb
2020-01-15 22:00:00,21.613592801690448,35.25856480583031,1010.767977453652,cloudy,city
2020-01-15 23:00:00,15.863845282238385,86.21746938186376,1027.8986343860208,stormy,rural
2020-01-16 00:00:00,22.596732571205862,63.22813444274258,996.9909602152348,rainy,suburb
2020-01-16 01:00:00,27.66369456501289,48.33145863948141,1004.7150297521976,cloudy,suburb
2020-01-16 02:00:00,19.456199257715713,53.818891024457,1011.9674523985095,stormy,city
2020-01-16 03:00:00,22.008558610494706,56.83215243029014,996.5681118884584,stormy,rural
2020-01-16 04:00:00,23.450719958555563,66.03566000163704,1011.2414559556793,rainy,suburb
2020-01-16 05:00:00,17.993897640570818,60.94076566178987,1029.6147016572802,stormy,suburb
2020-01-16 06:00:00,21.120462409052084,85.16351839286504,1013.2088648829596,clear,city
2020-01-16 07:00:00,20.062962003908975,59.817808974349816,1015.3070090571869,cloudy,city
2020-01-16 08:00:00,20.48838049274416,89.52948088939877,1000.3983523482742,cloudy,rural
2020-01-16 09:00:00,16.13495108072267,81.08549746470575,1006.8363859196053,stormy,city
2020-01-16 10:00:00,20.122550871294713,42.51063086144015,1009.2480361967606,stormy,rural
2020-01-16 11:00:00,22.489991456227248,85.83571287863498,1009.8228490324377,clear,suburb
2020-01-16 12:00:00,27.25571803897521,36.98198387312856,1025.8164379500377,rainy,rural
2020-01-16 13:00:00,24.796354130426035,79.04698250947149,1018.5769106072512,stormy,rural
2020-01-16 14:00:00,30.765912287557782,52.837397608594806,1001.8854204306297,stormy,rural
2020-01-16 15:00:00,16.163262185559752,82.67845922670418,1015.4650477843201,stormy,suburb
2020-01-16 16:00:00,24.361603183603393,82.08340140644702,1017.9822174849678,stormy,city
2020-01-16 17:00:00,20.91671002869176,78.35552400705727,1024.4014903852126,cloudy,suburb
2020-01-16 18:00:00,30.94901466608836,77.40182617842368,1028.8054068656838,stormy,city
2020-01-16 19:00:00,15.958508573224243,48.280748345882444,1002.8490580817213,cloudy,rural
2020-01-16 20:00:00,15.80139078909612,34.85515698307513,1004.8914248878966,stormy,rural
2020-01-16 21:00:00,17.00303677277989,54.178810725909685,1000.4242214108539,rainy,rural
2020-01-16 22:00:00,9.380521378450965,40.41147089919052,1010.6598014089302,clear,rural
2020-01-16 23:00:00,17.371224891596196,71.69706533414771,1017.6635837444634,rainy,rural
2020-01-17 00:00:00,16.20433669223151,50.76598359226713,1022.873345165891,stormy,city
2020-01-17 01:00:00,20.75196893238104,88.53661205159489,1012.2404897635748,stormy,city
2020-01-17 02:00:00,21.708779878885796,68.45832464071992,1009.8015247674516,stormy,rural
2020-01-17 03:00:00,29.380854196079433,79.34883381806165,1014.5175799224874,rainy,suburb
2020-01-17 04:00:00,24.75211919093025,37.95148036451091,1004.6485709836998,stormy,suburb
2020-01-17 05:00:00,17.115481721687985,81.72086893635736,1033.8953872169477,rainy,rural
2020-01-17 06:00:00,15.50792664325821,85.36543143080365,996.9233897288194,cloudy,city
2020-01-17 07:00:00,22.459595857532527,59.22371512913615,1014.8474057889572,clear,suburb
2020-01-17 08:00:00,13.398833964896788,66.37517626505866,1033.2360621922965,clear,suburb
2020-01-17 09:00:00,29.15729382927177,75.88858805417973,1013.0679984456,rainy,suburb
2020-01-17 10:00:00,25.897200603606436,40.49031763562475,1011.099609649985,cloudy,rural
2020-01-17 11:00:00,17.654121739476476,60.15396458780654,1009.4255457718957,rainy,suburb
2020-01-17 12:00:00,11.434327354545612,53.919781666338785,1011.1960831823759,cloudy,suburb
2020-01-17 13:00:00,26.769361870827062,38.782439529734944,1026.7284847467654,stormy,suburb
2020-01-17 14:00:00,19.42730077373691,52.05206533749188,990.881380886705,cloudy,suburb
2020-01-17 15:00:00,26.189081559867308,34.09033856312961,1028.3343370129633,cloudy,city
2020-01-17 16:00:00,12.027861706028165,31.54871441696922,998.7604284754985,cloudy,rural
2020-01-17 17:00:00,17.003124885231134,38.109977349289366,1010.3334767076559,clear,rural
2020-01-17 18:00:00,20.026218498590914,87.78690669535044,1008.7075557970134,cloudy,city
2020-01-17 19:00:00,20.23490296882371,62.97177215370102,1018.8855326977072,stormy,city
2020-01-17 20:00:00,17.74967264260378,87.94932966919319,997.0187564811625,stormy,rural
2020-01-17 21:00:00,23.114249661737492,55.94987269980792,1017.6217266608194,stormy,suburb
2020-01-17 22:00:00,14.661897853087028,48.70896798511558,1033.2430962328685,cloudy,suburb
2020-01-17 23:00:00,19.288102574893532,60.36851177041464,999.3682599540718,rainy,rural
2020-01-18 00:00:00,20.601478158559495,56.37070131797461,1014.8970616761039,rainy,suburb
2020-01-18 01:00:00,22.572194170293745,36.33988105570464,1006.3801782220339,stormy,city
2020-01-18 02:00:00,23.55807439044445,68.44957888141238,1017.2588720619303,clear,suburb
2020-01-18 03:00:00,14.376789540810654,42.96229095057598,1013.1914777741575,rainy,suburb
2020-01-18 04:00:00,12.329429146321889,67.17527729386978,1006.5851309095569,cloudy,suburb
2020-01-18 05:00:00,26.388384109492545,69.01206554388921,1017.8787228487107,rainy,rural
2020-01-18 06:00:00,21.661570059897958,39.12149118771889,1031.0434810978675,stormy,city
2020-01-18 07:00:00,16.25756731721723,33.680977626640086,1011.0909620827271,clear,suburb
2020-01-18 08:00:00,27.755759877612615,76.84569516410639,1020.1975794214818,rainy,rural
2020-01-18 09:00:00,20.578373171464293,57.588025426159206,1000.0672704212884,rainy,suburb
2020-01-18 10:00:00,25.896485920319133,33.48982773032855,1003.4356362318199,stormy,city
2020-01-18 11:00:00,20.337592407050543,89.69197903018602,1017.7240627788037,clear,suburb
2020-01-18 12:00:00,30.303739624409936,33.466833659782,1027.8411602853596,clear,city
2020-01-18 13:00:00,28.77670421221602,71.7021137315132,1016.5561334878566,stormy,suburb
2020-01-18 14:00:00,18.75517925760463,89.02073551580482,1009.8694196947685,cloudy,city
2020-01-18 15:00:00,24.85785475477178,44.350806252955536,1012.9929140542336,rainy,suburb
2020-01-18 16:00:00,23.226879747925736,38.53496212123177,1000.4959226603028,cloudy,city
2020-01-18 17:00:00,26.843157787661745,37.283096365345735,1019.0451532635536,rainy,suburb
2020-01-18 18:00:00,15.175382697099478,48.196508854055736,1021.8233306232341,rainy,suburb
2020-01-18 19:00:00,23.430257299992196,36.0627486606388,1008.4790966716691,cloudy,rural
2020-01-18 20:00:00,25.29212243424794,71.52968050164792,1008.299578522405,stormy,rural
2020-01-18 21:00:00,11.206302567884428,33.73750788780376,1015.6587822965205,stormy,city
2020-01-18 22:00:00,14.083707436671125,60.56532768898738,1008.632802639594,rainy,suburb
2020-01-18 23:00:00,9.803839111199498,89.8018112311786,1012.3386738537417,stormy,city
2020-01-19 00:00:00,18.652965827777212,78.83821617036114,1033.997217891665,rainy,rural
2020-01-19 01:00:00,23.58771127897981,66.91316629386066,1010.52974299254,stormy,city
2020-01-19 02:00:00,27.51178526048014,48.3752172471967,1009.4165984797878,rainy,city
2020-01-19 03:00:00,20.370473902098876,67.43375017749831,1006.5245819436484,stormy,rural
2020-01-19 04:00:00,28.143077727856458,61.6224878346991,1020.4419197149994,clear,suburb
2020-01-19 05:00:00,13.099492708925542,55.565003033422286,1011.1877582678189,cloudy,city
2020-01-19 06:00:00,11.483087803224226,37.84262260441197,1006.5062696167857,clear,rural
2020-01-19 07:00:00,19.722261505516904,83.196252914428,1026.2130403227302,cloudy,suburb
2020-01-19 08:00:00,21.920327244696537,56.98707892927935,1027.1960300451365,cloudy,rural
2020-01-19 09:00:00,19.836526259529535,41.6773507092459,1006.9957643426129,rainy,city
2020-01-19 10:00:00,9.662789499800617,52.06556105263738,994.3346004863938,cloudy,suburb
2020-01-19 11:00:00,19.55439980243606,54.84778515173562,1023.0751368983692,clear,suburb
2020-01-19 12:00:00,13.477652497475734,79.65227373401245,1006.1537017424,clear,rural
2020-01-19 13:00:00,23.348362744150194,74.01686283368412,1020.9062559916276,stormy,rural
2020-01-19 14:00:00,21.83299123048424,76.15829361848039,993.2989618228817,clear,rural
2020-01-19 15:00:00,15.300601068363225,30.661875865718834,1021.9259733829931,stormy,suburb
2020-01-19 16:00:00,17.430665413316532,54.96923989078569,1000.8882807071922,cloudy,suburb
2020-01-19 17:00:00,14.703932390555241,58.88064909811942,1020.3076411906652,clear,city
2020-01-19 18:00:00,19.68660451363414,31.151536609383403,1013.1427306783644,cloudy,suburb
2020-01-19 19:00:00,24.775711602506192,45.58879252470206,1003.4606058060335,clear,city
2020-01-19 20:00:00,15.071369768322281,75.6173893873281,1008.9296368707322,clear,rural
2020-01-19 21:00:00,22.520232577589223,38.22658234373994,1019.863184569567,stormy,rural
2020-01-19 22:00:00,17.348711908137794,62.1186078871555,1014.0589445311523,cloudy,suburb
2020-01-19 23:00:00,16.03563583868828,42.91211232103425,1018.8441298047248,clear,rural
2020-01-20 00:00:00,19.464848200227213,30.727246478633596,1032.764405845155,rainy,rural
2020-01-20 01:00:00,14.823788387903129,44.472087455972485,997.3575838828895,cloudy,suburb
2020-01-20 02:00:00,17.23175347326409,88.55242529460322,1029.1721257496863,cloudy,city
2020-01-20 03:00:00,14.010610537055758,78.09222671297937,1014.0435593752321,cloudy,suburb
2020-01-20 04:00:00,29.823625664581947,87.574598659262,1004.0121595167687,stormy,city
2020-01-20 05:00:00,20.176317759858645,59.27124263558174,999.69686374261,rainy,suburb
2020-01-20 06:00:00,16.50137246003707,36.584171920650206,1011.1087960922297,cloudy,suburb
2020-01-20 07:00:00,21.06989955367111,62.87756933842158,1022.2165011192446,clear,rural
2020-01-20 08:00:00,19.43835975154585,57.26264007359765,1011.7245087962247,clear,suburb
2020-01-20 09:00:00,18.895152002333884,80.66142496437695,1028.1115493024736,stormy,suburb
2020-01-20 10:00:00,23.070833500217127,35.88495484705467,998.4882430994844,clear,city
2020-01-20 11:00:00,23.787538550236526,59.29446822130669,1012.8791105215395,cloudy,rural
2020-01-20 12:00:00,17.34749426194736,39.00291988163906,1000.4760655558688,clear,city
2020-01-20 13:00:00,17.1209087967766,49.480555613403595,1016.6363188262496,cloudy,city
2020-01-20 14:00:00,18.62474151424178,74.24142464326798,1021.868873900973,clear,rural
2020-01-20 15:00:00,8.490394176322075,58.56108776212599,1008.7923820631895,rainy,rural
2020-01-20 16:00:00,12.42404468900724,52.553297108746165,986.9578614337287,stormy,rural
2020-01-20 17:00:00,26.834371337222624,53.66857671420212,1014.989481467965,stormy,suburb
2020-01-20 18:00:00,28.224838567506417,57.5668061043592,1017.3673855173352,rainy,rural
2020-01-20 19:00:00,18.75481980221811,77.10099263022342,1017.042947549617,rainy,rural
2020-01-20 20:00:00,22.882784815278832,83.52508133641406,1025.3578219182216,stormy,rural
2020-01-20 21:00:00,21.556250772717682,87.3200811902357,1002.2894632035095,rainy,city
2020-01-20 22:00:00,35.39440404227619,77.2142031753177,1019.8021610545045,cloudy,city
2020-01-20 23:00:00,25.597874557172883,48.924413744880766,1024.9250751247798,clear,suburb
2020-01-21 00:00:00,19.360412042596167,71.28808236519254,995.2141241599348,stormy,city
2020-01-21 01:00:00,15.222297796997871,56.25618744332351,1016.1965182591898,rainy,suburb
2020-01-21 02:00:00,11.967768398712138,45.28023732276307,1007.9582016899233,cloudy,city
2020-01-21 03:00:00,21.017318179336115,80.45229476555537,1012.1847732689836,stormy,rural
2020-01-21 04:00:00,16.218246273578483,32.3055809377395,1016.4767648353834,rainy,city
2020-01-21 05:00:00,12.88873145201163,84.1057195281254,1008.1277143588645,stormy,suburb
2020-01-21 06:00:00,16.767135578787368,57.68864787748405,1006.2429192083839,rainy,city
2020-01-21 07:00:00,14.592259981928025,68.23208860849682,1013.3415241748802,stormy,rural
2020-01-21 08:00:00,28.435708175362823,69.56123533234697,1002.127540611372,cloudy,suburb
2020-01-21 09:00:00,24.408198784747253,83.70706444239218,1002.1417487111481,cloudy,rural
2020-01-21 10:00:00,19.960136793416915,68.20018093003245,1019.793732829565,clear,rural
2020-01-21 11:00:00,27.39972069445013,66.8360150856037,1001.5120596484135,stormy,suburb
2020-01-21 12:00:00,20.38684153823809,33.999122433641396,1019.6631250090921,clear,rural
2020-01-21 13:00:00,15.693578993358681,61.104481316712246,1017.6259129285395,stormy,rural
2020-01-21 14:00:00,27.615620386348287,39.010140049022496,995.741932712094,rainy,city
2020-01-21 15:00:00,22.694550218423295,74.24602612328914,1006.2243534766435,rainy,rural
2020-01-21 16:00:00,14.813769228367718,60.73331524876047,1024.9410940304738,clear,rural
2020-01-21 17:00:00,19.04830660958196,70.8136667525012,1003.1883446886031,stormy,rural
2020-01-21 18:00:00,15.621908733076214,32.50037403614306,1008.3559573769061,clear,rural
2020-01-21 19:00:00,13.08600134517832,35.087520962748194,1017.620608932519,cloudy,suburb
2020-01-21 20:00:00,24.630887737658206,72.97940328376094,1020.833905092826,clear,city
2020-01-21 21:00:00,29.547083202350652,34.325060159920405,1010.484611139555,clear,rural
2020-01-21 22:00:00,13.007162130904295,34.27540366591552,1007.0248980530836,rainy,rural
2020-01-21 23:00:00,22.814846183452854,30.726508514093247,1027.223698616985,clear,suburb
2020-01-22 00:00:00,16.746787154390866,87.39008389796881,1030.3889966379759,stormy,rural
2020-01-22 01:00:00,17.56437308117652,74.25050156754043,1022.788580507818,rainy,suburb
2020-01-22 02:00:00,17.038030378805654,51.19508451012385,1013.8531814256503,clear,city
2020-01-22 03:00:00,15.68004615160092,47.792134877259315,1004.9173427835907,cloudy,city
2020-01-22 04:00:00,20.242608139724133,50.982193784750976,1004.6955559344343,clear,rural
2020-01-22 05:00:00,15.84524941794481,76.47921187087091,1018.2251410526576,clear,rural
2020-01-22 06:00:00,21.352284128899193,69.68223666422486,1017.1839822088868,clear,rural
2020-01-22 07:00:00,19.748809452754315,41.11173407204808,1027.0159859294643,rainy,suburb
2020-01-22 08:00:00,18.80525976566795,40.44656012004506,1019.5045009253614,stormy,rural
2020-01-22 09:00:00,15.462181689792011,35.90373898280384,997.9691969824019,cloudy,rural
2020-01-22 10:00:00,17.116143347158335,69.61816318208028,1023.5194761772292,clear,city
2020-01-22 11:00:00,23.77695612912878,75.86235973330416,1003.0193937268559,stormy,rural
2020-01-22 12:00:00,22.504585938121902,45.90278569950024,1009.1602872804765,stormy,city
2020-01-22 13:00:00,15.112223776007244,31.25669766185477,1015.5020020625169,rainy,rural
2020-01-22 14:00:00,20.49666152714613,34.93030004858564,1032.9566748978395,cloudy,city
2020-01-22 15:00:00,23.756935616858947,88.07160209070183,1044.0991855600537,rainy,rural
2020-01-22 16:00:00,11.652973594393142,47.72668664864521,1019.0672305913619,stormy,city
2020-01-22 17:00:00,22.716800961899676,76.15338887028801,1011.1680338127961,stormy,suburb
2020-01-22 18:00:00,16.686881205270765,67.47981413125584,1018.3450564848055,stormy,city
2020-01-22 19:00:00,22.852993342965796,52.91637837917375,1021.8765542587383,rainy,city
2020-01-22 20:00:00,16.183704217287417,42.341235731733306,1009.7933237444281,cloudy,city
2020-01-22 21:00:00,10.975589496677404,37.283185089564384,1030.9521135591233,clear,rural
2020-01-22 22:00:00,11.862287810584187,66.900778082332,1015.300707591914,rainy,rural
2020-01-22 23:00:00,20.24042473330691,76.47802683826728,1017.977430890914,stormy,rural
2020-01-23 00:00:00,21.29861250860741,68.63425521246785,1019.6592425205446,rainy,suburb
2020-01-23 01:00:00,15.478416874477958,61.8181279949495,1017.2158661061445,stormy,suburb
2020-01-23 02:00:00,23.19296229388687,32.517073405898174,1021.3894050046961,clear,city
2020-01-23 03:00:00,11.6923996886552,88.10932665566303,1006.8274681345308,clear,suburb
2020-01-23 04:00:00,19.66960100676342,77.92285149927447,1007.4169824605397,cloudy,city
2020-01-23 05:00:00,13.944919001187717,47.56932220205788,1001.9984576702831,stormy,city
2020-01-23 06:00:00,16.740819460989204,88.79821976153104,1017.3950123062023,cloudy,city
2020-01-23 07:00:00,20.23699335658207,66.11289537817933,1020.7893650351211,cloudy,suburb
2020-01-23 08:00:00,15.697933173580239,64.94535949243479,1017.5777286615189,clear,rural
2020-01-23 09:00:00,18.077222278850872,74.88439076577193,1029.7449243334754,rainy,suburb
2020-01-23 10:00:00,25.0314640460722,78.70618728540825,1012.9440398117096,rainy,city
2020-01-23 11:00:00,17.115540652384254,69.38871643989016,1019.6874165559251,cloudy,city
2020-01-23 12:00:00,24.17846056032571,37.685744781972005,1002.0829912386068,clear,suburb
2020-01-23 13:00:00,14.35146572671191,50.296050359669906,1009.129002975256,stormy,city
2020-01-23 14:00:00,22.649020889576413,85.685018419563,1019.9553775756577,rainy,city
2020-01-23 15:00:00,27.207843103289502,43.476936710631115,1021.4910211074315,cloudy,suburb
2020-01-23 16:00:00,7.6417774993635526,52.330021430250795,1010.0603305233582,rainy,suburb
2020-01-23 17:00:00,16.015523722647615,55.92461297665176,1012.2840074814193,rainy,suburb
2020-01-23 18:00:00,22.8853606359027,56.36429938166713,997.8212625331919,stormy,city
2020-01-23 19:00:00,18.984773069785035,66.77637494967152,1009.4297079919339,clear,city
2020-01-23 20:00:00,21.855729366856544,86.58455026468246,1021.9038316351979,stormy,rural
2020-01-23 21:00:00,16.980074066420897,44.4415627099503,1018.7520501610657,clear,rural
2020-01-23 22:00:00,20.4329489373645,37.290082578055085,1018.0066572138121,rainy,suburb
2020-01-23 23:00:00,19.221613823039604,41.848229391596234,1013.4977368718096,cloudy,rural
2020-01-24 00:00:00,25.838910308299035,83.21549401255618,1013.0706315862818,stormy,city
2020-01-24 01:00:00,21.272104216506065,68.74864875931236,1006.3967886052656,clear,rural
2020-01-24 02:00:00,21.68801331037601,47.15440735434961,1019.9882842020254,rainy,city
2020-01-24 03:00:00,17.940615169387662,78.95681633811704,1017.2097294438939,clear,suburb
2020-01-24 04:00:00,17.561968879637533,81.68219978180616,1017.920188479928,clear,suburb
2020-01-24 05:00:00,17.837209060901895,80.79086032141669,1007.7396515733242,clear,city
2020-01-24 06:00:00,21.972260711891483,85.13559201837327,991.4665708012875,rainy,rural
2020-01-24 07:00:00,17.895077595898684,45.134461210401696,1023.971527117537,cloudy,suburb
2020-01-24 08:00:00,21.448874284482066,75.3025157247767,1008.2116254399159,cloudy,suburb
2020-01-24 09:00:00,30.377003993227195,57.632369836448404,1004.3722423595688,cloudy,rural
2020-01-24 10:00:00,24.355623517158463,80.5199131734037,1019.93478911914,clear,rural
2020-01-24 11:00:00,18.369882339160796,73.70944062969679,1009.0798736008087,rainy,city
2020-01-24 12:00:00,26.006069610819722,76.58684678998347,1023.5993638404663,clear,rural
2020-01-24 13:00:00,17.959623134892244,69.36971026086428,1019.170059495767,cloudy,rural
2020-01-24 14:00:00,9.80937732411073,40.645726168182414,1019.8356932320048,cloudy,rural
2020-01-24 15:00:00,14.95956844541298,62.7016151338163,999.3404428879946,rainy,city
2020-01-24 16:00:00,10.646040394870722,89.0801843714705,1025.119439853864,clear,city
2020-01-24 17:00:00,18.24243257979346,86.24328398982713,1015.6125053123386,stormy,suburb
2020-01-24 18:00:00,20.092091895947757,32.5904241478207,1009.3072286075379,stormy,city
2020-01-24 19:00:00,28.382186561376415,39.888888943766226,1014.4338846734225,cloudy,suburb
2020-01-24 20:00:00,21.634636868820813,37.903726407273716,995.2376476710168,rainy,rural
2020-01-24 21:00:00,18.90449735595568,73.55879459911773,1017.0865281148067,clear,suburb
2020-01-24 22:00:00,24.147027905917447,79.0671197914167,1002.7062849181793,clear,suburb
2020-01-24 23:00:00,8.944323454960575,42.81068197864032,999.4732971415647,cloudy,rural
2020-01-25 00:00:00,21.178072790542828,60.351161577109735,997.7764081378211,cloudy,suburb
2020-01-25 01:00:00,23.854325969434832,80.44218168067201,1024.1268837498992,clear,city
2020-01-25 02:00:00,12.607068771100792,73.96809268597504,1006.7073660630721,clear,city
2020-01-25 03:00:00,25.718770216034645,62.5342323295109,1028.337277099165,cloudy,city
2020-01-25 04:00:00,21.69248203747207,65.42086142752638,1007.641985369477,clear,city
2020-01-25 05:00:00,17.923560430495993,60.5016328149768,995.9264204240706,stormy,suburb
2020-01-25 06:00:00,23.163909330531425,47.85290707912924,1001.8347556005134,cloudy,suburb
2020-01-25 07:00:00,31.35346428902198,63.90131957154097,1025.3581162000694,clear,rural
2020-01-25 08:00:00,20.909331275292477,71.33311812300545,1011.4410182206333,cloudy,suburb
2020-01-25 09:00:00,21.24110293150168,82.39937495164847,1007.517127035094,rainy,suburb
2020-01-25 10:00:00,17.70319550229878,68.1774812387549,1014.6001822585279,cloudy,suburb
2020-01-25 11:00:00,15.750778152676041,75.66729222258948,1018.0178273616755,cloudy,rural
2020-01-25 12:00:00,24.151679082721227,39.60429809727438,1024.1739881590247,rainy,city
2020-01-25 13:00:00,15.719580870455664,57.693448465187394,1027.4849922989292,stormy,suburb
2020-01-25 14:00:00,20.357831186096963,30.559897189625598,1009.4023135421091,clear,rural
2020-01-25 15:00:00,17.611712766174417,44.80073187129738,999.7395231391796,rainy,rural
2020-01-25 16:00:00,22.39489912873196,73.5877029067803,1008.8653483887672,cloudy,rural
2020-01-25 17:00:00,21.66831052643474,89.5085970809618,1015.6028050658289,clear,city
2020-01-25 18:00:00,25.187699721289498,35.95068597523296,1003.3624107378939,rainy,suburb
2020-01-25 19:00:00,17.449918005726264,54.08965895167729,1003.4284908510496,clear,rural
2020-01-25 20:00:00,18.650625323533145,78.00425812194956,1016.4378788154988,clear,city
2020-01-25 21:00:00,15.106181421088463,42.24213807773393,1012.5134764842954,rainy,rural
2020-01-25 22:00:00,17.77853369961944,63.30509695813718,1013.3279699541158,clear,rural
2020-01-25 23:00:00,21.88650246522426,73.98427776178049,1005.4150466529993,stormy,rural
2020-01-26 00:00:00,23.78494308322676,66.95912701561073,1010.6959928579423,rainy,rural
2020-01-26 01:00:00,15.389173379111874,41.28148407692497,1003.757668557317,stormy,rural
2020-01-26 02:00:00,24.3480296005283,51.323074121144366,1021.9019841112479,cloudy,city
2020-01-26 03:00:00,26.778189294024756,77.02750706912383,1023.3524933472376,clear,suburb
2020-01-26 04:00:00,22.067174516118506,63.253590847921,994.5381213776191,cloudy,suburb
2020-01-26 05:00:00,29.38397906279033,30.313776812574766,1003.7048913980759,cloudy,suburb
2020-01-26 06:00:00,16.131054004482134,75.65944560168563,998.0347074490992,clear,suburb
2020-01-26 07:00:00,13.776726483442914,32.118681296414344,1006.499760655931,rainy,city
2020-01-26 08:00:00,11.106398755478606,74.74402696387392,1012.1656203020964,clear,city
2020-01-26 09:00:00,27.480221557445915,42.14883360991425,998.5035478030147,cloudy,city
2020-01-26 10:00:00,23.27182828177029,87.48440880716282,1003.7814018687469,cloudy,rural
2020-01-26 11:00:00,19.722076645447725,52.07644507812507,1002.960426279185,rainy,rural
2020-01-26 12:00:00,21.399843131599102,49.615896980284745,1015.0726732939894,clear,rural
2020-01-26 13:00:00,14.372554763508116,38.93328301994668,1013.6934433703625,cloudy,suburb
2020-01-26 14:00:00,32.228759898084135,48.33625292941289,1005.7826244666275,stormy,rural
2020-01-26 15:00:00,20.646105909876137,82.59904570969204,1014.768208721394,cloudy,suburb
2020-01-26 16:00:00,20.546973973024464,89.78006025763483,1007.5331991541274,cloudy,rural
2020-01-26 17:00:00,23.62883311949346,52.098571830410904,1010.2834488967395,rainy,suburb
2020-01-26 18:00:00,22.405046158683568,56.916637857272555,1029.7345209029854,stormy,rural
2020-01-26 19:00:00,21.119420121395656,73.32425629216422,1026.4046105179034,cloudy,rural
2020-01-26 20:00:00,16.04762772277344,83.17174682790447,1000.004187630724,cloudy,city
2020-01-26 21:00:00,22.357341785679978,65.58266005120706,1021.2973241787918,stormy,rural
2020-01-26 22:00:00,29.41012248237517,53.491541890669765,1021.1139655449159,clear,rural
2020-01-26 23:00:00,26.727100230774887,54.75731045091742,1001.5173671124738,clear,city
2020-01-27 00:00:00,27.965933133196984,71.73708878980841,1021.1877764375486,cloudy,suburb
2020-01-27 01:00:00,17.443921617844076,30.193095816256722,1028.3793191841255,cloudy,city
2020-01-27 02:00:00,15.051975898707095,67.17536024759045,1001.7745519375559,clear,city
2020-01-27 03:00:00,19.37106539950176,51.329580626481444,1003.8249717898574,rainy,suburb
2020-01-27 04:00:00,20.278624561443472,77.65183987662505,1023.176614668435,stormy,rural
2020-01-27 05:00:00,25.470957592354743,35.57943838938793,1015.7149531082565,stormy,suburb
2020-01-27 06:00:00,11.537676851425903,65.29213601690343,1018.5147627523952,rainy,rural
2020-01-27 07:00:00,27.64775159730307,58.858373393167426,1016.405892164005,rainy,rural
2020-01-27 08:00:00,19.209960507105052,68.53953155431364,1016.9069592092815,rainy,suburb
2020-01-27 09:00:00,17.8655946502629,33.8912156689781,999.7352787168892,rainy,city
2020-01-27 10:00:00,14.939478123699162,64.79902724568788,1023.4731770662145,rainy,suburb
2020-01-27 11:00:00,11.725716640671154,63.689075277571426,1024.6958999242777,rainy,rural
2020-01-27 12:00:00,24.115852919809573,63.639605664970254,1010.7060925593197,stormy,suburb
2020-01-27 13:00:00,20.36658983594202,66.20925999578729,1012.5652305018614,rainy,suburb
2020-01-27 14:00:00,13.55019550129473,70.58807623358173,997.6889249744428,clear,rural
2020-01-27 15:00:00,13.52460613968192,78.29933998084618,1018.1425475601784,rainy,city
2020-01-27 16:00:00,18.32107650354936,46.18924320769286,1018.7205744171414,rainy,suburb
2020-01-27 17:00:00,28.345107626446964,79.50296461080373,1012.3780898300068,stormy,rural
2020-01-27 18:00:00,18.702043243181976,59.89534093580722,1024.243533598705,stormy,rural
2020-01-27 19:00:00,12.48428523440947,34.62349674805987,1009.6592276902006,rainy,suburb
2020-01-27 20:00:00,18.77128467957028,33.51305575463875,1018.646059258936,stormy,city
2020-01-27 21:00:00,18.636382151261646,50.05429912176365,1002.8033566130788,cloudy,suburb
2020-01-27 22:00:00,6.515566785292142,77.09381862668806,1012.7644784912576,stormy,city
2020-01-27 23:00:00,19.72852566741094,72.46085608445495,1011.2564574209716,stormy,city
2020-01-28 00:00:00,18.84532734895661,77.31689788034438,1015.2530792204094,stormy,city
2020-01-28 01:00:00,23.48103182406709,61.03614338649656,1009.3047307116664,stormy,city
2020-01-28 02:00:00,29.244780474726724,56.41193987732943,1011.6852740432834,clear,suburb
2020-01-28 03:00:00,25.632825147738785,38.84715160237704,1021.2604717144151,clear,rural
2020-01-28 04:00:00,18.655556547225846,49.69156521655869,1008.6323576276178,clear,rural
2020-01-28 05:00:00,14.467370456291649,56.04116197043251,996.9342289926132,rainy,rural
2020-01-28 06:00:00,32.8667990162493,35.31602578077703,1030.4958390420543,rainy,rural
2020-01-28 07:00:00,20.29609217007244,43.236717162672676,1026.814540786905,cloudy,rural
2020-01-28 08:00:00,20.06964645956473,65.89351764382434,1000.0773730489439,clear,rural
2020-01-28 09:00:00,19.879374564449982,74.1397868543514,1019.8970780524519,rainy,suburb
2020-01-28 10:00:00,20.990423803839274,89.90085068357698,1007.9702522944866,stormy,city
2020-01-28 11:00:00,19.278197940380288,85.98679988061346,1015.6348721533107,stormy,rural
2020-01-28 12:00:00,17.131689965598817,68.5539119721115,1015.9422412901349,clear,suburb
2020-01-28 13:00:00,17.26570529379804,55.27488319764432,1010.6559219968368,cloudy,rural
2020-01-28 14:00:00,19.836233648920008,68.17064188249395,1005.162343344136,cloudy,rural
2020-01-28 15:00:00,17.282876144331176,77.13909708481393,1006.0945894768374,stormy,city
2020-01-28 16:00:00,16.435771086614178,37.10017145540324,1003.8380808451876,cloudy,city
2020-01-28 17:00:00,20.532151138459483,54.59429338177729,1004.6817779176955,clear,city
2020-01-28 18:00:00,18.725113912895722,80.38813713813704,1012.3282170995064,stormy,rural
2020-01-28 19:00:00,27.519964942913443,53.02997711598264,1005.8424001088924,rainy,rural
2020-01-28 20:00:00,6.745150958034941,64.31233627363119,1019.8205206571262,rainy,rural
2020-01-28 21:00:00,25.45753425961231,65.26616165173189,1027.8724615533592,cloudy,city
2020-01-28 22:00:00,26.230425962488145,41.06857518801836,1007.1994675862995,stormy,suburb
2020-01-28 23:00:00,9.633048837959253,51.734126499137304,1015.3940450053537,stormy,rural
2020-01-29 00:00:00,18.286562029598258,50.07067732451593,1017.9968511030294,rainy,rural
2020-01-29 01:00:00,18.142795670021044,31.571802511923888,1017.7200227091928,stormy,rural
2020-01-29 02:00:00,12.962441526410894,31.451505833481313,1013.7595526791608,stormy,suburb
2020-01-29 03:00:00,16.110916562045624,79.9018226205464,1020.4268241835972,stormy,rural
2020-01-29 04:00:00,14.447120772670857,46.38424859836874,1017.8224895268065,cloudy,suburb
2020-01-29 05:00:00,28.761352217118116,61.084725974328926,1000.623375776727,stormy,rural
2020-01-29 06:00:00,24.678391965737305,47.92353441532639,1021.6915606438928,clear,suburb
2020-01-29 07:00:00,26.357775474970794,86.44075470692043,1021.8729083726674,cloudy,rural
2020-01-29 08:00:00,23.608360320216175,45.55780553194643,1005.3671389582141,stormy,city
2020-01-29 09:00:00,14.354741143913854,55.779408764336104,1013.379378354476,stormy,city
2020-01-29 10:00:00,17.37739866860113,82.36381502907611,1019.8332899281107,clear,city
2020-01-29 11:00:00,22.44687280613959,80.51601400750852,1010.9068618042064,cloudy,city
2020-01-29 12:00:00,13.889360955540273,41.16608507077664,1023.7297804776601,rainy,rural
2020-01-29 13:00:00,23.56499215086194,78.15859858774263,1036.6387249461936,rainy,city
2020-01-29 14:00:00,18.798373009209325,57.49121320427356,1005.1401396736502,cloudy,suburb
2020-01-29 15:00:00,18.125895962252013,58.97813232512131,999.1895539684623,stormy,city
2020-01-29 16:00:00,23.554799841017456,38.00879834495663,1016.0381859560488,stormy,city
2020-01-29 17:00:00,22.2213165574302,34.836090825427476,1020.2156250512614,rainy,city
2020-01-29 18:00:00,18.1951691709046,73.6763584184259,1010.6913362615524,rainy,rural
2020-01-29 19:00:00,25.79664901682124,59.787669141317984,1027.5326066332104,rainy,city
2020-01-29 20:00:00,14.594683362000513,56.21104215691077,999.6139420027675,clear,suburb
2020-01-29 21:00:00,23.07967803472132,73.7704937191438,1019.9291862303161,rainy,city
2020-01-29 22:00:00,22.96550628984192,75.93077393946658,1006.9413917924111,clear,city
2020-01-29 23:00:00,18.452267803430047,39.53449006016122,1030.193779062073,cloudy,city
2020-01-30 00:00:00,21.63066511121059,66.61350896865848,1032.9251535316812,stormy,suburb
2020-01-30 01:00:00,13.744432118073485,38.12124493666113,1005.3334341221665,rainy,city
2020-01-30 02:00:00,24.620135096034506,75.08250516174274,1007.5044286409142,stormy,suburb
2020-01-30 03:00:00,19.075489317785056,69.41730937602837,1021.5958788697981,stormy,suburb
2020-01-30 04:00:00,17.386384897404803,87.39687726500748,1009.1286935021049,rainy,city
2020-01-30 05:00:00,25.245046129184445,34.13748098138527,1012.5458878206776,rainy,suburb
2020-01-30 06:00:00,16.478281547286205,33.423283269075256,1013.2538842054241,cloudy,rural
2020-01-30 07:00:00,12.957693518182202,46.93122448159201,993.8032684380235,clear,city
2020-01-30 08:00:00,12.216854132380481,45.70234102415436,1012.8616225390576,clear,city
2020-01-30 09:00:00,23.030049756728197,44.81872794431999,1006.1027222593583,stormy,suburb
2020-01-30 10:00:00,13.597853237518585,84.3752748312622,1008.0687717760023,rainy,suburb
2020-01-30 11:00:00,28.77397090992182,44.972771990970365,1027.4363200346882,cloudy,city
2020-01-30 12:00:00,9.59035296058139,46.316983567717855,1000.4349310572075,cloudy,rural
2020-01-30 13:00:00,28.48228184145019,75.56389574507782,1021.1320518674797,cloudy,suburb
2020-01-30 14:00:00,21.05508733601309,56.984390547032405,1010.2103706966819,cloudy,suburb
2020-01-30 15:00:00,19.516434440648037,76.60263341731087,1010.2023983150417,cloudy,rural
2020-01-30 16:00:00,17.275404565955252,33.92196945386311,1020.9037189605172,clear,rural
2020-01-30 17:00:00,21.995680571760353,59.25427162040306,1016.4005129456889,clear,city
2020-01-30 18:00:00,19.81182648787576,32.016816010996955,1018.7061299721953,clear,rural
2020-01-30 19:00:00,25.516509410082605,33.75919220732127,1022.6818466053286,rainy,city
2020-01-30 20:00:00,20.571138243310198,84.38624720066466,1009.6869161681668,stormy,rural
2020-01-30 21:00:00,20.75150880730939,38.354722267055706,1006.8776326549225,cloudy,suburb
2020-01-30 22:00:00,18.18193893893072,61.94524093651303,1002.148494734422,rainy,city
2020-01-30 23:00:00,19.715271881394663,54.66573615604239,1004.7458947002104,cloudy,city
2020-01-31 00:00:00,21.539008844460295,50.84059957553056,1042.4909442530873,clear,city
2020-01-31 01:00:00,11.449158036716872,83.99000074123634,1025.4467958073678,rainy,rural
2020-01-31 02:00:00,13.259072889471435,31.30940380652937,999.4892563379198,clear,suburb
2020-01-31 03:00:00,23.716320470113576,69.82738117053535,999.7754204325643,cloudy,city
2020-01-31 04:00:00,20.854327190639708,87.80366605281303,1017.818660617185,cloudy,city
2020-01-31 05:00:00,19.080083318236603,63.610091007710515,1018.4726479737797,stormy,city
2020-01-31 06:00:00,20.092169665326967,86.20934772198551,1018.4888383531736,cloudy,city
2020-01-31 07:00:00,21.737908526808354,33.13547275716142,1010.450442064463,clear,suburb
2020-01-31 08:00:00,17.301201598453193,55.12759914444968,1011.745457399971,cloudy,rural
2020-01-31 09:00:00,16.108476372988438,45.60946745772307,1016.2787952415936,stormy,suburb
2020-01-31 10:00:00,20.979226275488408,73.84925789884379,1013.8589300629333,stormy,city
2020-01-31 11:00:00,15.10813611192484,88.8778254298348,990.8069962725247,clear,suburb
2020-01-31 12:00:00,22.041263778572358,45.39180374665487,1010.7020036942481,rainy,city
2020-01-31 13:00:00,11.487081978810798,69.25047608844446,1004.4859356573969,cloudy,rural
2020-01-31 14:00:00,25.14577818662822,41.88585796558441,1014.7521141890851,stormy,rural
2020-01-31 15:00:00,22.362987412065216,63.919815274296596,1042.852590026034,cloudy,rural
2020-01-31 16:00:00,21.28014867156938,57.83594920130017,1016.674816654743,cloudy,city
2020-01-31 17:00:00,24.91345491972757,88.32031977789222,1009.864703138276,rainy,suburb
2020-01-31 18:00:00,28.32737222231288,66.51163636178799,1022.2180150197726,stormy,rural
2020-01-31 19:00:00,25.07185032509065,50.97038232520913,1017.8268788720922,cloudy,city
2020-01-31 20:00:00,10.795628843341774,36.845747093276,1017.2009449045185,stormy,city
2020-01-31 21:00:00,13.602115166321493,39.07480972409607,1019.0685059321567,clear,suburb
2020-01-31 22:00:00,16.875907111521606,43.519015797074104,1033.5654356482953,clear,rural
2020-01-31 23:00:00,20.13045525105417,45.05799968041788,1001.6911156467409,cloudy,city
2020-02-01 00:00:00,22.588295102345615,81.03696347046827,1017.7363207681145,stormy,suburb
2020-02-01 01:00:00,16.371280934232672,63.6733672969515,1003.7361887001846,cloudy,rural
2020-02-01 02:00:00,20.93383382238539,61.403454682461984,1018.5551264634225,stormy,suburb
2020-02-01 03:00:00,16.22308533823339,36.88613231215305,1003.8131348851391,stormy,suburb
2020-02-01 04:00:00,16.942410985040258,81.6083816009661,1008.8263318639491,rainy,city
2020-02-01 05:00:00,12.966694515758888,73.36885819250902,1010.0491008576209,rainy,city
2020-02-01 06:00:00,15.383833769445479,34.0601017140001,1022.7581671934471,rainy,city
2020-02-01 07:00:00,13.241576971918331,72.47010583378612,1022.1845444394241,cloudy,suburb
2020-02-01 08:00:00,15.120633735113337,62.61229304055876,1000.5428262355362,rainy,city
2020-02-01 09:00:00,25.268208983039198,34.9035207448067,1013.5493411099985,rainy,suburb
2020-02-01 10:00:00,15.253005555840286,57.498038491719385,1005.9042014525082,clear,suburb
2020-02-01 11:00:00,33.161910324186955,59.08177722780282,1000.4149508932467,stormy,city
2020-02-01 12:00:00,22.466589504404446,39.94647240979654,1010.8298294957563,stormy,rural
2020-02-01 13:00:00,20.92418061847437,86.74188882001694,1009.9151721154418,rainy,rural
2020-02-01 14:00:00,15.708211099093933,80.99852228883972,1037.2671648634553,stormy,rural
2020-02-01 15:00:00,23.501549397044958,70.1413402397465,1017.329598253607,clear,suburb
2020-02-01 16:00:00,17.12181086881113,57.73773366003643,999.2238249924576,clear,suburb
2020-02-01 17:00:00,20.610049073226808,54.70593249507051,1007.3522599582906,rainy,suburb
2020-02-01 18:00:00,32.800422691343975,69.05840802905725,1023.2138329542939,clear,city
2020-02-01 19:00:00,19.51970050137675,62.725912164414325,1033.8844277286992,stormy,suburb
2020-02-01 20:00:00,25.74636663142838,33.73638635291314,997.1401668776205,cloudy,city
2020-02-01 21:00:00,16.48411787437056,60.7501589262199,994.2007561486096,stormy,city
2020-02-01 22:00:00,19.82505754751519,78.38421703397037,1031.709651753718,cloudy,rural
2020-02-01 23:00:00,28.85400317817755,57.55439265581748,1016.896141773709,rainy,rural
2020-02-02 00:00:00,16.865164711061162,33.117394653256106,1004.3170726812364,cloudy,rural
2020-02-02 01:00:00,29.062242789984644,77.17669196304199,1018.3462908612244,clear,city
2020-02-02 02:00:00,23.538759677277376,42.08182692815846,986.6425226098312,stormy,city
2020-02-02 03:00:00,17.18766612052866,45.51725009328233,1013.0337550659716,cloudy,city
2020-02-02 04:00:00,23.162038695277605,39.882381205937754,1016.2782117284308,stormy,suburb
2020-02-02 05:00:00,24.86277224813365,49.81290389228985,1022.2427013953783,rainy,city
2020-02-02 06:00:00,23.10904981108598,75.4050903413181,1002.8610404770747,rainy,rural
2020-02-02 07:00:00,12.148876400547717,61.16315157023624,1013.8568716140336,clear,rural
2020-02-02 08:00:00,16.364314120875658,42.29287644904275,1003.7457537394041,rainy,city
2020-02-02 09:00:00,18.762406822242475,82.66980468912246,1015.5538375567431,cloudy,city
2020-02-02 10:00:00,19.62783285449977,82.77491129709175,1004.0465367763697,rainy,rural
2020-02-02 11:00:00,23.103360487753392,82.23470550276042,1008.9189916083978,clear,city
2020-02-02 12:00:00,20.888505004666268,44.32777268289236,1003.0418460520978,stormy,rural
2020-02-02 13:00:00,13.323278206449494,57.07436065085929,1019.5113624182366,stormy,suburb
2020-02-02 14:00:00,21.900989255029817,89.0993793684525,1021.5845111665667,rainy,rural
2020-02-02 15:00:00,23.052928726419115,76.32074857859942,1010.6537943004258,cloudy,suburb
2020-02-02 16:00:00,22.7989522396552,31.63004527353359,1013.3823799496002,clear,city
2020-02-02 17:00:00,25.403903627773108,33.91227547562952,998.5140858536646,cloudy,city
2020-02-02 18:00:00,24.16961077274452,57.835882608739965,1010.0032335199321,clear,suburb
2020-02-02 19:00:00,22.295900396142184,84.55321235169362,1012.4979538295826,rainy,city
2020-02-02 20:00:00,19.649171442706766,62.32210787716285,1039.2079309102996,clear,suburb
2020-02-02 21:00:00,11.695195332420043,59.868750482057415,1001.8803297422584,clear,city
2020-02-02 22:00:00,22.148091095662927,36.32842199739783,1027.6417723875243,rainy,rural
2020-02-02 23:00:00,21.038438435815557,69.40680628345764,1022.9685877346581,cloudy,city
2020-02-03 00:00:00,21.357894185976868,79.32618963601354,1015.8063640449013,rainy,rural
2020-02-03 01:00:00,13.616257120898453,52.825200450453735,1030.5862048419513,clear,rural
2020-02-03 02:00:00,14.594717297958688,76.53671105551965,1016.7210547260686,rainy,suburb
2020-02-03 03:00:00,25.26576426666452,87.8685992340487,1016.8915919566792,clear,city
2020-02-03 04:00:00,19.802224230716725,42.22598754766135,1012.4687934698245,rainy,suburb
2020-02-03 05:00:00,23.40750348686312,61.39977787168448,1025.2356888241864,stormy,city
2020-02-03 06:00:00,20.141591880652307,47.22827748507453,1023.9646923381089,stormy,rural
2020-02-03 07:00:00,20.148780697478728,77.57126514203037,1006.7432271250378,rainy,rural
2020-02-03 08:00:00,24.691419029879988,64.65560195286946,999.8075280540123,cloudy,city
2020-02-03 09:00:00,17.41977635891313,68.07494505301823,1010.9701936260434,clear,city
2020-02-03 10:00:00,20.480603884704916,77.87484957695364,1004.9996143560236,stormy,suburb
2020-02-03 11:00:00,17.688623556474788,53.75822835974729,1012.3647542538464,cloudy,city
2020-02-03 12:00:00,17.82751886283842,84.90540410442259,1025.3743813468413,clear,city
2020-02-03 13:00:00,18.454139382656802,61.9817320347684,1008.4269834491321,stormy,city
2020-02-03 14:00:00,21.110668858168566,39.47728937012088,1012.5717661868842,stormy,suburb
2020-02-03 15:00:00,17.606256891682612,71.75394709012815,1013.580227348084,rainy,city
2020-02-03 16:00:00,26.278780627867604,77.59568102629527,1021.4843088220529,clear,rural
2020-02-03 17:00:00,15.526963488902481,49.0057006240516,990.5311066601539,cloudy,suburb
2020-02-03 18:00:00,19.065641779193204,81.43075541992518,1006.932997052347,cloudy,suburb
2020-02-03 19:00:00,17.801344708629124,84.36859528594599,1015.1128369227947,cloudy,rural
2020-02-03 20:00:00,27.234889421768663,46.614269242668534,1025.0007895642686,clear,rural
2020-02-03 21:00:00,20.982773882557872,89.01128836291332,1008.0809755249379,cloudy,rural
2020-02-03 22:00:00,25.159222697343175,38.442691682925506,994.2344729395812,cloudy,city
2020-02-03 23:00:00,12.57219813481514,42.1209401041494,1019.1971144596614,cloudy,rural
2020-02-04 00:00:00,21.335251329346296,41.053490354281564,1006.6463761117437,rainy,city
2020-02-04 01:00:00,24.448153978117183,83.63938260047223,1001.1033334090964,rainy,suburb
2020-02-04 02:00:00,20.41141994637712,69.2575531394977,1006.7565461028678,clear,suburb
2020-02-04 03:00:00,25.327401875326757,39.12625699333637,1011.1547464234415,clear,rural
2020-02-04 04:00:00,17.41355774949814,56.41940510210094,1006.9525533546179,cloudy,city
2020-02-04 05:00:00,27.0467372009279,66.91788150418813,990.9443394290093,rainy,rural
2020-02-04 06:00:00,31.49449061809625,35.007845099362996,1021.9706619688714,stormy,rural
2020-02-04 07:00:00,18.185807197801704,82.94498210444033,1025.7487504127873,stormy,city
2020-02-04 08:00:00,17.77248739299614,78.21621212649211,1019.5152199133951,cloudy,rural
2020-02-04 09:00:00,27.266922385588504,60.31240641459829,1001.6231432957518,cloudy,suburb
2020-02-04 10:00:00,27.897860728653562,88.02759691555022,1010.9850846605249,rainy,rural
2020-02-04 11:00:00,17.385699864233658,55.06565875650598,1012.9347868477054,rainy,city
2020-02-04 12:00:00,17.899065914520712,89.04661914218987,1018.9879438956191,rainy,city
2020-02-04 13:00:00,18.591076955697464,70.07519992821761,1019.6834048871808,clear,suburb
2020-02-04 14:00:00,13.277747444828615,68.0802763952365,1005.658262012215,clear,city
2020-02-04 15:00:00,15.406740267579009,39.9572937177471,1013.8199555641356,cloudy,city
2020-02-04 16:00:00,14.97929616623966,82.91566549827864,1017.5728040461524,clear,suburb
2020-02-04 17:00:00,16.161012174479357,55.649381275236905,1027.5582232214676,rainy,rural
2020-02-04 18:00:00,19.826575563066093,39.734004346948765,1020.0450653982472,rainy,suburb
2020-02-04 19:00:00,21.171073662682602,30.75645119854554,1020.8905668737552,clear,rural
2020-02-04 20:00:00,27.752502464070385,63.585341018302955,1013.8382662792936,stormy,suburb
2020-02-04 21:00:00,15.008229796306045,61.64397732736058,1027.104591452035,cloudy,rural
2020-02-04 22:00:00,24.921611992382918,73.16121734214951,1017.097627959595,stormy,suburb
2020-02-04 23:00:00,18.930055778872454,83.41548318106813,1004.3891208982643,cloudy,rural
2020-02-05 00:00:00,19.752681451737836,34.76439507858177,1027.0336997012519,stormy,suburb
2020-02-05 01:00:00,23.37409746083302,73.88978942042175,1019.9790327253903,clear,rural
2020-02-05 02:00:00,14.386389892188507,41.244716645854936,1008.5695597887152,cloudy,suburb
2020-02-05 03:00:00,21.912048730920255,81.49062318942984,1008.2050703260076,cloudy,city
2020-02-05 04:00:00,20.83226104106528,79.14381083169937,1015.9657554514076,cloudy,rural
2020-02-05 05:00:00,22.462256320040744,62.44762529913266,1017.6318479526758,rainy,suburb
2020-02-05 06:00:00,21.44584321953909,72.61456791739869,1014.9729226563121,rainy,rural
2020-02-05 07:00:00,32.276500699554475,48.861006791024906,1016.1130867344289,stormy,rural
2020-02-05 08:00:00,16.81130007874342,58.27007393596888,1029.9995737457639,clear,suburb
2020-02-05 09:00:00,17.345015224990913,79.2982138626283,1023.7154315223488,rainy,rural
2020-02-05 10:00:00,16.88429736787618,57.55591183039283,1014.9063559126503,cloudy,suburb
2020-02-05 11:00:00,17.222614404198726,51.46789591952651,1022.4131058076748,rainy,city
2020-02-05 12:00:00,16.81306436346741,59.65274683501799,1002.6747609647246,clear,rural
2020-02-05 13:00:00,25.94508265553776,79.6949551462331,1016.979270499468,rainy,city
2020-02-05 14:00:00,27.102521239949276,50.11248284225236,1031.093063497331,cloudy,rural
2020-02-05 15:00:00,17.14626853125262,40.42569558814463,1010.8195410460762,stormy,rural
2020-02-05 16:00:00,15.838222134478857,72.72084121984685,1004.5236607138091,cloudy,rural
2020-02-05 17:00:00,22.35707778193202,79.55869276248491,1006.4791111140694,clear,suburb
2020-02-05 18:00:00,17.238884778595143,36.038248711412,1002.1036696265761,stormy,city
2020-02-05 19:00:00,23.164659088777555,44.39244676535668,1005.152380918723,rainy,rural
2020-02-05 20:00:00,21.0146151042565,38.51831938565964,1009.2949190140997,rainy,suburb
2020-02-05 21:00:00,12.42127942501384,50.87648469493,998.9443298082135,rainy,rural
2020-02-05 22:00:00,27.737526006650306,57.021058734324754,1013.156183339496,stormy,suburb
2020-02-05 23:00:00,28.97938836547761,74.92958021779839,1022.0227717378665,cloudy,rural
2020-02-06 00:00:00,16.93605654757807,69.06885509290045,1003.9224381985308,stormy,city
2020-02-06 01:00:00,18.061492200320078,67.25571404870587,1028.1928392364177,stormy,city
2020-02-06 02:00:00,21.429326953624525,51.142496796579266,1018.1079208852759,clear,rural
2020-02-06 03:00:00,21.672283949935125,80.4868531850856,1023.3058058562406,stormy,suburb
2020-02-06 04:00:00,23.29272136336415,58.27723004388987,1006.4216544614786,rainy,rural
2020-02-06 05:00:00,30.051022693831747,88.74629628090926,1021.5452522706662,cloudy,suburb
2020-02-06 06:00:00,19.11526386252975,68.04852829774421,1002.0806609960468,cloudy,rural
2020-02-06 07:00:00,16.00851377730773,37.57588449387016,1021.9024750083651,cloudy,suburb
2020-02-06 08:00:00,13.103403859927365,70.57065372452604,1014.7183933979353,rainy,city
2020-02-06 09:00:00,16.345349800290403,49.506240925901935,1018.5325121998478,rainy,rural
2020-02-06 10:00:00,19.834365135631014,71.17963180116584,1001.2440539437515,rainy,city
2020-02-06 11:00:00,28.97278931758894,34.178468889744344,1004.0493015772339,rainy,city
2020-02-06 12:00:00,17.411943504819142,40.49288623055756,1018.9722821825338,rainy,rural
2020-02-06 13:00:00,21.118939758194493,81.34423553434718,1003.516519957758,stormy,rural
2020-02-06 14:00:00,19.91788551963624,43.63077342141089,1017.6320629209912,rainy,suburb
2020-02-06 15:00:00,25.94196636724042,80.22246751457641,999.3286219353976,rainy,suburb
2020-02-06 16:00:00,32.63466212936811,46.75656530726462,1021.4817421266666,rainy,city
2020-02-06 17:00:00,17.345656135398396,68.57291460352246,1000.6747668523149,rainy,suburb
2020-02-06 18:00:00,17.55280278740889,71.64903441058986,1018.5229993767953,cloudy,suburb
2020-02-06 19:00:00,25.22080438534536,60.759285188703174,1019.25630933646,rainy,rural
2020-02-06 20:00:00,23.40945744813156,48.31864060180388,1006.0322818157042,stormy,suburb
2020-02-06 21:00:00,29.23353662868017,42.75866258226577,1018.8202656708472,stormy,city
2020-02-06 22:00:00,22.919640926629818,31.991361273745575,1015.6044226333356,stormy,suburb
2020-02-06 23:00:00,18.203539546064704,48.23678407444343,1007.6115814380726,clear,city
2020-02-07 00:00:00,22.953274153461546,69.18976743187699,1002.914453159238,cloudy,rural
2020-02-07 01:00:00,25.543517902914537,86.29828910690895,993.3737430832742,rainy,city
2020-02-07 02:00:00,24.102410905986822,82.27226893578313,1016.4965004729969,clear,suburb
2020-02-07 03:00:00,22.53637015553649,75.96388659211816,997.3519722863795,rainy,rural
2020-02-07 04:00:00,25.333373447945768,77.30684059519791,1013.9534419944131,clear,suburb
2020-02-07 05:00:00,25.846477952228362,69.89909420855972,1010.3655178391775,clear,rural
2020-02-07 06:00:00,26.910794955187637,45.61721145396018,1019.791427754382,stormy,rural
2020-02-07 07:00:00,23.243549437948214,84.43170184234978,1009.9795450051014,stormy,suburb
2020-02-07 08:00:00,19.164409598415727,70.24393871435004,1009.7055221365291,clear,suburb
2020-02-07 09:00:00,20.733568432166614,63.6264378588264,1020.3187070428829,stormy,rural
2020-02-07 10:00:00,26.032544832541785,36.65936815280887,1016.3505802908412,clear,rural
2020-02-07 11:00:00,15.91532164506382,56.82333262838553,1016.1615595718278,cloudy,suburb
2020-02-07 12:00:00,21.843366544364507,57.62149627211558,1017.6926758980852,stormy,city
2020-02-07 13:00:00,18.033305938363196,81.87381657136021,997.644278767929,stormy,suburb
2020-02-07 14:00:00,20.143724114674086,62.798893211267306,1020.5678867998698,stormy,rural
2020-02-07 15:00:00,26.392259313036494,52.824032938224576,1019.124687940136,cloudy,suburb
2020-02-07 16:00:00,20.955495340099517,88.60801971063955,1002.8331687142351,clear,city
2020-02-07 17:00:00,20.232182740780743,36.643235599578944,1010.559195263258,rainy,suburb
2020-02-07 18:00:00,13.200719295100404,55.352905698716675,1012.6069271237237,stormy,rural
2020-02-07 19:00:00,23.731267830136105,32.52148051028432,1011.6550321559827,clear,suburb
2020-02-07 20:00:00,23.227420905705376,74.39424724601582,1016.3385996656854,cloudy,rural
2020-02-07 21:00:00,30.8162736165273,85.08459313194903,1027.3136678183118,rainy,rural
2020-02-07 22:00:00,18.461108825234994,46.80223977302937,1023.8176672767283,stormy,suburb
2020-02-07 23:00:00,21.095751638319694,81.50050060794726,999.8778080656859,cloudy,rural
2020-02-08 00:00:00,21.246918418553776,47.53309382771387,1019.2206999030604,cloudy,rural
2020-02-08 01:00:00,27.887266398817374,84.64620969863492,1026.2893331953542,rainy,city
2020-02-08 02:00:00,19.523522338065238,75.23771421580705,1016.868085206892,clear,city
2020-02-08 03:00:00,21.395107628851697,78.29440661048632,1023.9098042518597,stormy,city
2020-02-08 04:00:00,23.039482548582697,31.08039333602727,1033.1227044570076,stormy,city
2020-02-08 05:00:00,20.93304561578179,87.76862142444156,1023.2370954610698,clear,rural
2020-02-08 06:00:00,17.767831927247357,73.6002595242194,1015.4930859564173,clear,suburb
2020-02-08 07:00:00,20.97044996449154,48.285065723168,1023.4508847408475,clear,rural
2020-02-08 08:00:00,25.36815874929886,79.76367989153081,1014.4488783309689,rainy,rural
2020-02-08 09:00:00,14.8674235029447,46.891271904895795,1013.2390304328495,rainy,rural
2020-02-08 10:00:00,20.66484837073438,82.36523037396768,1009.4858576428627,stormy,suburb
2020-02-08 11:00:00,16.499395925304135,36.75482342471622,1028.634133588321,rainy,city
2020-02-08 12:00:00,25.975233144624212,72.22115864764774,1004.81571334058,cloudy,rural
2020-02-08 13:00:00,12.384065476081126,62.44190859869462,1028.3236772467812,stormy,rural
2020-02-08 14:00:00,17.205390763642058,35.792068211726445,1017.9986412374037,rainy,city
2020-02-08 15:00:00,21.886059375322603,44.51362969553034,999.0069382519806,clear,rural
2020-02-08 16:00:00,27.827620146171704,30.74424217663889,1016.6764929299142,cloudy,suburb
2020-02-08 17:00:00,19.67124869463506,58.12607792787035,991.9997349234837,clear,rural
2020-02-08 18:00:00,17.22400236653401,48.07591564560002,1019.2550801683103,stormy,rural
2020-02-08 19:00:00,29.40578534720295,65.90144905786553,1021.8523148298899,clear,city
2020-02-08 20:00:00,12.75993049791878,47.83426846251703,1007.0764404434794,rainy,rural
2020-02-08 21:00:00,9.005970216899591,47.99514669041908,1014.2354769595559,rainy,rural
2020-02-08 22:00:00,22.20007225026666,74.5915919238962,1032.5415743375029,stormy,suburb
2020-02-08 23:00:00,17.489728878236946,32.88857015870121,1007.9425329573806,clear,city
2020-02-09 00:00:00,14.893835914346434,84.17369971151923,1002.410924129434,stormy,city
2020-02-09 01:00:00,23.541782236496765,81.13583246347089,1027.816634024626,clear,suburb
2020-02-09 02:00:00,21.219003568855996,70.06828099358438,1032.625871905308,cloudy,rural
2020-02-09 03:00:00,17.179606846316357,65.59329420644306,1013.0369567184785,rainy,city
2020-02-09 04:00:00,13.598478006645529,83.53814988837914,1023.1146303540836,stormy,city
2020-02-09 05:00:00,24.362286641400722,41.11981077172287,1026.4147591553087,cloudy,rural
2020-02-09 06:00:00,23.251005889793305,34.73814973144972,1005.5751576746162,cloudy,rural
2020-02-09 07:00:00,19.504120681103085,44.370610194572286,1008.1469416463214,stormy,city
2020-02-09 08:00:00,29.233184980238327,77.67469672201142,1025.3087451315473,stormy,rural
2020-02-09 09:00:00,14.649576168369236,32.080216003589,1029.8501427870851,cloudy,city
2020-02-09 10:00:00,12.372374145376305,64.96841010500938,1018.6288086017436,clear,rural
2020-02-09 11:00:00,16.540459650593778,89.7262509714786,1004.2018564649794,cloudy,rural
2020-02-09 12:00:00,19.77206991822251,81.34176563025237,1032.8706111169945,stormy,suburb
2020-02-09 13:00:00,21.21669724661346,61.28674134261537,1007.6902910218804,cloudy,rural
2020-02-09 14:00:00,18.79381971071835,33.81845455719854,1009.6486221882855,clear,suburb
2020-02-09 15:00:00,21.760276982571483,79.88241086314258,1016.4233783448963,rainy,rural
2020-02-09 16:00:00,13.74230287904778,65.93871049063263,1028.5416042071477,rainy,city
2020-02-09 17:00:00,27.218823020366298,36.89597982357401,1021.5397597655223,cloudy,city
2020-02-09 18:00:00,19.589244108037157,35.63143708940137,1017.1486550036191,clear,rural
2020-02-09 19:00:00,25.586479157940637,84.57760916619554,1017.6328853011811,rainy,rural
2020-02-09 20:00:00,21.71362673188852,70.15201577628471,1013.4351466864347,cloudy,city
2020-02-09 21:00:00,22.283766095768918,79.75720795900534,1018.5813951451851,cloudy,rural
2020-02-09 22:00:00,22.84883640116102,82.73873401693604,987.704399223057,clear,suburb
2020-02-09 23:00:00,22.238542800086574,64.30634112289934,1010.033925409302,stormy,suburb
2020-02-10 00:00:00,23.21361379933772,61.04678110530247,1015.4132193491678,cloudy,suburb
2020-02-10 01:00:00,26.645762650662157,55.82564461925941,1001.4898591638049,stormy,suburb
2020-02-10 02:00:00,20.98260584850735,49.01679526746716,1016.8632331781156,stormy,suburb
2020-02-10 03:00:00,23.54501878794256,56.07575765152271,1010.9552877901388,rainy,rural
2020-02-10 04:00:00,19.551321528563868,76.43277934380939,1030.554756983155,stormy,rural
2020-02-10 05:00:00,27.200586077247365,66.11540586090788,1028.7301972521486,clear,suburb
2020-02-10 06:00:00,16.61803848970365,83.55139739729077,1008.3419443088184,rainy,rural
2020-02-10 07:00:00,29.00470216455408,56.602800862751266,1011.4916228843331,rainy,rural
2020-02-10 08:00:00,19.799210246778284,66.42537472312524,1012.260524343916,rainy,suburb
2020-02-10 09:00:00,12.84612448940976,67.87845318551932,1008.4834052384037,cloudy,rural
2020-02-10 10:00:00,20.640522074553946,65.50182973837954,1014.9502498402812,cloudy,rural
2020-02-10 11:00:00,16.594741712625595,72.15802638513098,1005.4171793111241,stormy,rural
2020-02-10 12:00:00,24.203217744943622,44.246008102488375,1001.6938466506248,rainy,suburb
2020-02-10 13:00:00,16.736880103488044,60.741826652747434,1019.2271122390027,rainy,rural
2020-02-10 14:00:00,17.769082833926102,36.25348816850086,1019.2952958422181,clear,city
2020-02-10 15:00:00,10.552296345272346,53.07067965868875,1004.9568424034001,stormy,city
2020-02-10 16:00:00,17.738468403754617,59.26002411727586,1021.953554307626,clear,suburb
2020-02-10 17:00:00,7.880603366855217,69.13345557272835,1006.6842227083467,stormy,city
2020-02-10 18:00:00,12.080485882571384,87.0318631551722,1015.5316523803798,stormy,suburb
2020-02-10 19:00:00,23.802073280721487,66.03906399290136,1021.2034401261245,cloudy,city
2020-02-10 20:00:00,23.92900079325416,74.61563497059359,1012.6638743529629,cloudy,city
2020-02-10 21:00:00,22.127287808924823,60.37596356971217,1017.5474091214113,clear,city
2020-02-10 22:00:00,15.165119284353935,68.04624188257988,1007.8357035611243,stormy,suburb
2020-02-10 23:00:00,19.7614432192901,34.25593296802641,1011.0353341657191,rainy,suburb
2020-02-11 00:00:00,19.981987304547157,45.26349485051082,1010.9414056911966,cloudy,rural
2020-02-11 01:00:00,14.208176554037287,51.711185592308325,1005.5342165345976,rainy,suburb
2020-02-11 02:00:00,27.51699150883575,58.349601300390816,1011.2322583688422,clear,city
2020-02-11 03:00:00,24.386811452878355,32.738924730143026,997.5138170113626,cloudy,city
2020-02-11 04:00:00,18.89517913085168,38.401445853199064,1008.0884625285789,cloudy,suburb
2020-02-11 05:00:00,20.134429194972654,46.60885846747834,1010.1512450663033,stormy,suburb
2020-02-11 06:00:00,21.04191403973776,88.29196145406304,1010.4382024750462,clear,suburb
2020-02-11 07:00:00,9.791325657878547,49.88082042618305,1010.5850255412922,stormy,rural
2020-02-11 08:00:00,18.764113087397014,58.92246348672495,1012.3823580013988,cloudy,city
2020-02-11 09:00:00,16.590078760011007,41.76586276430358,1017.7944151808606,clear,rural
2020-02-11 10:00:00,14.991899950525422,66.64680426454609,1021.7451707413252,cloudy,rural
2020-02-11 11:00:00,18.594498535570224,46.84099293095846,1006.5023477315174,clear,city
2020-02-11 12:00:00,28.988432634247612,42.419554706305604,1000.9679914461085,cloudy,city
2020-02-11 13:00:00,23.20421430633505,60.99435770675875,1002.579555877569,rainy,suburb
2020-02-11 14:00:00,17.144105051086015,30.33034794962525,1008.1279707880507,rainy,suburb
2020-02-11 15:00:00,22.862913906780793,30.45984195895352,1009.480786821835,stormy,rural
